,title,price,category,rating,availability,review,upc
0,A Light in the Attic,£51.77,Poetry,Three,In stock (22 available),0,UPCa897fe39b1053632
1,Tipping the Velvet,£53.74,Historical Fiction,One,In stock (20 available),0,UPC90fa61229261140a
2,Soumission,£50.10,Fiction,One,In stock (20 available),0,UPC6957f44c3847a760
3,Sharp Objects,£47.82,Mystery,Four,In stock (20 available),0,UPCe00eb4fd7b871a48
4,Sapiens: A Brief History of Humankind,£54.23,History,Five,In stock (20 available),0,UPC4165285e1663650f
5,The Requiem Red,£22.65,Young Adult,One,In stock (19 available),0,UPCf77dbf2323deb740
6,The Dirty Little Secrets of Getting Your Dream Job,£33.34,Business,Four,In stock (19 available),0,UPC2597b5a345f45e1b
7,"The Coming Woman: A Novel Based on the Life of the Infamous Feminist, Victoria Woodhull",£17.93,Default,Three,In stock (19 available),0,UPCe72a5dfc7e9267b2
8,The Boys in the Boat: Nine Americans and Their Epic Quest for Gold at the 1936 Berlin Olympics,£22.60,Default,Four,In stock (19 available),0,UPCe10e1e165dc8be4a
9,The Black Maria,£52.15,Poetry,One,In stock (19 available),0,UPC1dfe412b8ac00530
10,"Starving Hearts (Triangular Trade Trilogy, #1)",£13.99,Default,Two,In stock (19 available),0,UPC0312262ecafa5a40
11,Shakespeare's Sonnets,£20.66,Poetry,Four,In stock (19 available),0,UPC30a7f60cd76ca58c
12,Set Me Free,£17.46,Young Adult,Five,In stock (19 available),0,UPCce6396b0f23f6ecc
13,Scott Pilgrim's Precious Little Life (Scott Pilgrim #1),£52.29,Sequential Art,Five,In stock (19 available),0,UPC3b1c02bac2a429e6
14,Rip it Up and Start Again,£35.02,Music,Five,In stock (19 available),0,UPCa34ba96d4081e6a4
15,"Our Band Could Be Your Life: Scenes from the American Indie Underground, 1981-1991",£57.25,Music,Three,In stock (19 available),0,UPCdeda3e61b9514b83
16,Olio,£23.88,Poetry,One,In stock (19 available),0,UPCfeb7cc7701ecf901
17,Mesaerion: The Best Science Fiction Stories 1800-1849,£37.59,Science Fiction,One,In stock (19 available),0,UPCe30f54cea9b38190
18,Libertarianism for Beginners,£51.33,Politics,Two,In stock (19 available),0,UPCa18a4f574854aced
19,It's Only the Himalayas,£45.17,Travel,Two,In stock (19 available),0,UPCa22124811bfa8350
20,In Her Wake,£12.84,Thriller,One,In stock (19 available),0,UPC23356462d1320d61
21,How Music Works,£37.32,Music,Two,In stock (19 available),0,UPC327f68a59745c102
22,"Foolproof Preserving: A Guide to Small Batch Jams, Jellies, Pickles, Condiments, and More: A Foolproof Guide to Making Small Batch Jams, Jellies, Pickles, Condiments, and More",£30.52,Food and Drink,Three,In stock (19 available),0,UPC5674a18a29a43ced
23,Chase Me (Paris Nights #2),£25.27,Romance,Five,In stock (19 available),0,UPCc2e46a2ee3b4a322
24,Black Dust,£34.53,Romance,Five,In stock (19 available),0,UPC00bfed9e18bb36f3
25,Birdsong: A Story in Pictures,£54.64,Childrens,Three,In stock (19 available),0,UPC9528d0948525bf5f
26,America's Cradle of Quarterbacks: Western Pennsylvania's Football Factory from Johnny Unitas to Joe Montana,£22.50,Default,Three,In stock (19 available),0,UPCc7d160c2c0de586f
27,Aladdin and His Wonderful Lamp,£53.13,Default,Three,In stock (19 available),0,UPC904208d6aa64b655
28,Worlds Elsewhere: Journeys Around Shakespeare’s Globe,£40.30,Nonfiction,Five,In stock (18 available),0,UPC4c28def39d850cdf
29,Wall and Piece,£44.18,Art,Four,In stock (18 available),0,UPCccd9ffa25efabdea
30,The Four Agreements: A Practical Guide to Personal Freedom,£17.66,Spirituality,Five,In stock (18 available),0,UPC6258a1f6a6dcfe50
31,The Five Love Languages: How to Express Heartfelt Commitment to Your Mate,£31.05,Nonfiction,Three,In stock (18 available),0,UPC3c039985229453bf
32,The Elephant Tree,£23.82,Thriller,Five,In stock (18 available),0,UPC5dada2b7be26bd03
33,The Bear and the Piano,£36.89,Childrens,One,In stock (18 available),0,UPC9f6568e9c95f60b0
34,Sophie's World,£15.94,Philosophy,Five,In stock (18 available),0,UPC6be3beb0793a53e7
35,Penny Maybe,£33.29,Default,Three,In stock (18 available),0,UPC668fe56b17cfcd4f
36,Maude (1883-1993):She Grew Up with the country,£18.02,Default,Two,In stock (18 available),0,UPC094b269567e1c300
37,"In a Dark, Dark Wood",£19.63,Mystery,One,In stock (18 available),0,UPC19ed25f4641d5efd
38,Behind Closed Doors,£52.22,Thriller,Four,In stock (18 available),0,UPCbe5cc846f45496fb
39,You can't bury them all: Poems,£33.63,Poetry,Two,In stock (17 available),0,UPC55f9da0c5eea2e10
40,Slow States of Collapse: Poems,£57.31,Poetry,Three,In stock (17 available),0,UPCb4fd5943413e089a
41,Reasons to Stay Alive,£26.41,Nonfiction,Two,In stock (17 available),0,UPCc8f7f0cb1abb9cac
42,Private Paris (Private #10),£47.61,Fiction,Five,In stock (17 available),0,UPCb12b89017878a60d
43,#HigherSelfie: Wake Up Your Life. Free Your Soul. Find Your Tribe.,£23.11,Nonfiction,Five,In stock (17 available),0,UPCc27f6e1f185b0383
44,Without Borders (Wanderlove #1),£45.07,New Adult,Two,In stock (16 available),0,UPCacddfeab2a407640
45,When We Collided,£31.77,Contemporary,One,In stock (16 available),0,UPC3ecb690d1542c568
46,"We Love You, Charlie Freeman",£50.27,Fiction,Five,In stock (16 available),0,UPC8d455c7539795d2a
47,Untitled Collection: Sabbath Poems 2014,£14.27,Poetry,Four,In stock (16 available),0,UPC657fe5ead67a7767
48,"Unseen City: The Majesty of Pigeons, the Discreet Charm of Snails & Other Wonders of the Urban Wilderness",£44.18,Nonfiction,Four,In stock (16 available),0,UPCd170b5a0da46380e
49,Unicorn Tracks,£18.78,Fantasy,Three,In stock (16 available),0,UPC7ae099f3898e0209
50,"Unbound: How Eight Technologies Made Us Human, Transformed Society, and Brought Our World to the Brink",£25.52,History,One,In stock (16 available),0,UPC9a9d6e9bc555731e
51,Tsubasa: WoRLD CHRoNiCLE 2 (Tsubasa WoRLD CHRoNiCLE #2),£16.28,Sequential Art,One,In stock (16 available),0,UPC09555be379ad9253
52,Throwing Rocks at the Google Bus: How Growth Became the Enemy of Prosperity,£31.12,Nonfiction,Three,In stock (16 available),0,UPC7858914fad68493c
53,This One Summer,£19.49,Sequential Art,Four,In stock (16 available),0,UPC51653ef291ab7ddc
54,Thirst,£17.27,Fiction,Five,In stock (16 available),0,UPC709822d0b5bcb7f4
55,The Torch Is Passed: A Harding Family Story,£19.09,Add a comment,One,In stock (16 available),0,UPC4eed62cf5f8d8edf
56,The Secret of Dreadwillow Carse,£56.13,Childrens,One,In stock (16 available),0,UPCb5ea0b5dabed25a8
57,"The Pioneer Woman Cooks: Dinnertime: Comfort Classics, Freezer Food, 16-Minute Meals, and Other Delicious Ways to Solve Supper!",£56.41,Food and Drink,One,In stock (16 available),0,UPC142d767a56a9254d
58,The Past Never Ends,£56.50,Mystery,Four,In stock (16 available),0,UPC5ee94540d0749ea0
59,The Natural History of Us (The Fine Art of Pretending #2),£45.22,Young Adult,Three,In stock (16 available),0,UPCcedf82b5086e4691
60,The Nameless City (The Nameless City #1),£38.16,Sequential Art,Four,In stock (16 available),0,UPC7d385d34d12e60ff
61,The Murder That Never Was (Forensic Instincts #5),£54.11,Fiction,Three,In stock (16 available),0,UPCd01ac97e2b8947c2
62,The Most Perfect Thing: Inside (and Outside) a Bird's Egg,£42.96,Science,Four,In stock (16 available),0,UPCaadee1c326d286e3
63,"The Mindfulness and Acceptance Workbook for Anxiety: A Guide to Breaking Free from Anxiety, Phobias, and Worry Using Acceptance and Commitment Therapy",£23.89,Add a comment,Four,In stock (16 available),0,UPC31075275518532d7
64,The Life-Changing Magic of Tidying Up: The Japanese Art of Decluttering and Organizing,£16.77,Nonfiction,Three,In stock (16 available),0,UPC0da9aa9d24677fc0
65,"The Inefficiency Assassin: Time Management Tactics for Working Smarter, Not Longer",£20.59,Default,Five,In stock (16 available),0,UPC8c9e6bf2467d740d
66,The Gutsy Girl: Escapades for Your Life of Epic Adventure,£37.13,Nonfiction,One,In stock (16 available),0,UPCacd86a5426e21ca0
67,The Electric Pencil: Drawings from Inside State Hospital No. 3,£56.06,Nonfiction,One,In stock (16 available),0,UPCa30b270e25489e5c
68,The Death of Humanity: and the Case for Life,£58.11,Philosophy,Four,In stock (16 available),0,UPCbd261725b99f5983
69,"The Bulletproof Diet: Lose up to a Pound a Day, Reclaim Energy and Focus, Upgrade Your Life",£49.05,Health,Three,In stock (16 available),0,UPC43c6a960757cf559
70,The Art Forger,£40.76,Add a comment,Three,In stock (16 available),0,UPC80cfab6bcff3a244
71,The Age of Genius: The Seventeenth Century and the Birth of the Modern Mind,£19.73,History,One,In stock (16 available),0,UPCa3d2a4250807f1e9
72,The Activist's Tao Te Ching: Ancient Advice for a Modern Revolution,£32.24,Spirituality,Five,In stock (16 available),0,UPC7d6d2a6c0276f81b
73,Spark Joy: An Illustrated Master Class on the Art of Organizing and Tidying Up,£41.83,Nonfiction,Four,In stock (16 available),0,UPC87b0615b6e1f4d7b
74,Soul Reader,£39.58,Default,Two,In stock (16 available),0,UPCe6af5bf1163c1151
75,Security,£39.25,Horror,Two,In stock (16 available),0,UPC6f78a0d744c35456
76,"Saga, Volume 6 (Saga (Collected Editions) #6)",£25.02,Fantasy,Three,In stock (16 available),0,UPCc849f0b2f5d6a742
77,"Saga, Volume 5 (Saga (Collected Editions) #5)",£51.04,Sequential Art,Two,In stock (16 available),0,UPC53a3d11bb568cc8b
78,Reskilling America: Learning to Labor in the Twenty-First Century,£19.83,Nonfiction,Two,In stock (16 available),0,UPCd7310206583a54b6
79,"Rat Queens, Vol. 3: Demons (Rat Queens (Collected Editions) #11-15)",£50.40,Sequential Art,Three,In stock (16 available),0,UPCc82a3e358c773c73
80,"Princess Jellyfish 2-in-1 Omnibus, Vol. 01 (Princess Jellyfish 2-in-1 Omnibus #1)",£13.61,Sequential Art,Five,In stock (16 available),0,UPC0fa6dceead7ce47a
81,Princess Between Worlds (Wide-Awake Princess #5),£13.34,Fantasy,Five,In stock (16 available),0,UPC0e691eda369f4e09
82,"Pop Gun War, Volume 1: Gift",£18.97,Sequential Art,One,In stock (16 available),0,UPCe80f8e518b300dfe
83,"Political Suicide: Missteps, Peccadilloes, Bad Calls, Backroom Hijinx, Sordid Pasts, Rotten Breaks, and Just Plain Dumb Mistakes in the Annals of American Politics",£36.28,History,Two,In stock (16 available),0,UPC7392c0032f92d816
84,Patience,£10.16,Sequential Art,Three,In stock (16 available),0,UPC9429b4d59c537af5
85,"Outcast, Vol. 1: A Darkness Surrounds Him (Outcast #1)",£15.44,Sequential Art,Four,In stock (16 available),0,UPC889139b8e9c4cb36
86,orange: The Complete Collection 1 (orange: The Complete Collection #1),£48.41,Sequential Art,One,In stock (16 available),0,UPC11809b1d323b3057
87,Online Marketing for Busy Authors: A Step-By-Step Guide,£46.35,Self Help,One,In stock (16 available),0,UPC9ffa38d3b832433a
88,On a Midnight Clear,£14.07,Add a comment,Three,In stock (16 available),0,UPCb757c0c361e689ce
89,Obsidian (Lux #1),£14.86,Young Adult,Two,In stock (16 available),0,UPC3c346ab1e76ae1f6
90,My Paris Kitchen: Recipes and Stories,£33.37,Food and Drink,Two,In stock (16 available),0,UPC784bc2279baa878d
91,Masks and Shadows,£56.40,Fantasy,Two,In stock (16 available),0,UPCfa9610a50a1bf149
92,"Mama Tried: Traditional Italian Cooking for the Screwed, Crude, Vegan, and Tattooed",£14.02,Food and Drink,Four,In stock (16 available),0,UPC72f9d5be3472d34e
93,"Lumberjanes, Vol. 2: Friendship to the Max (Lumberjanes #5-8)",£46.91,Sequential Art,Two,In stock (16 available),0,UPC460089f796fb3f82
94,"Lumberjanes, Vol. 1: Beware the Kitten Holy (Lumberjanes #1-4)",£45.61,Sequential Art,Three,In stock (16 available),0,UPCb6ee99bcf06fc91f
95,Lumberjanes Vol. 3: A Terrible Plan (Lumberjanes #9-12),£19.92,Sequential Art,Two,In stock (16 available),0,UPC57e5a4d515c8ce44
96,"Layered: Baking, Building, and Styling Spectacular Cakes",£40.11,Food and Drink,One,In stock (16 available),0,UPC7b75cc7f223791f4
97,Judo: Seven Steps to Black Belt (an Introductory Guide for Beginners),£53.90,Add a comment,Two,In stock (16 available),0,UPC228f74b74f3a08ae
98,Join,£35.67,Science Fiction,Five,In stock (16 available),0,UPC18ad3ed896c7ce05
99,In the Country We Love: My Family Divided,£22.00,Nonfiction,Four,In stock (16 available),0,UPCb136b1b180ca753a
100,Immunity: How Elie Metchnikoff Changed the Course of Modern Medicine,£57.36,Science,Five,In stock (16 available),0,UPCe4f74c16de34d440
101,"I Hate Fairyland, Vol. 1: Madly Ever After (I Hate Fairyland (Compilations) #1-5)",£29.17,Sequential Art,Two,In stock (16 available),0,UPC8d4eefad7a2b3915
102,I am a Hero Omnibus Volume 1,£54.63,Sequential Art,Three,In stock (16 available),0,UPC1c89ae5bb804e4de
103,How to Be Miserable: 40 Strategies You Already Use,£46.03,Self Help,One,In stock (16 available),0,UPCa6f99b9e687f9d46
104,Her Backup Boyfriend (The Sorensen Family #1),£33.97,Romance,One,In stock (16 available),0,UPC2a97cffe61c3c4c7
105,"Giant Days, Vol. 2 (Giant Days #5-8)",£22.11,Sequential Art,Two,In stock (16 available),0,UPCf2df3bb043a8abb0
106,Forever and Forever: The Courtship of Henry Longfellow and Fanny Appleton,£29.69,Historical Fiction,Three,In stock (16 available),0,UPC9beb96a2300109d7
107,First and First (Five Boroughs #3),£15.97,Romance,Four,In stock (16 available),0,UPC9e28048cea8d41f7
108,Fifty Shades Darker (Fifty Shades #2),£21.96,Romance,One,In stock (16 available),0,UPC7add3f8e49ec0826
109,Everydata: The Misinformation Hidden in the Little Data You Consume Every Day,£54.35,Nonfiction,Two,In stock (16 available),0,UPC311c0dd0e354a33e
110,"Don't Be a Jerk: And Other Practical Advice from Dogen, Japan's Greatest Zen Master",£37.97,Religion,Two,In stock (16 available),0,UPCfce19f9b4a943f22
111,Danganronpa Volume 1,£51.99,Sequential Art,Four,In stock (16 available),0,UPC09b6cc87e62c2c58
112,Crown of Midnight (Throne of Glass #2),£43.29,Fantasy,Three,In stock (16 available),0,UPC7267864328ae8b9d
113,"Codename Baboushka, Volume 1: The Conclave of Death",£36.72,Sequential Art,Four,In stock (16 available),0,UPC8754c83ab2a7ae71
114,Camp Midnight,£17.08,Sequential Art,Four,In stock (16 available),0,UPC7b599c8bfcdd8d30
115,Call the Nurse: True Stories of a Country Nurse on a Scottish Isle,£29.14,Nonfiction,Five,In stock (16 available),0,UPCbee3672891cca906
116,Burning,£28.81,Young Adult,Three,In stock (16 available),0,UPC5ceb951f629700a2
117,Bossypants,£49.46,Default,Two,In stock (16 available),0,UPC74baabfc8fd84b38
118,"Bitch Planet, Vol. 1: Extraordinary Machine (Bitch Planet (Collected Editions))",£37.92,Sequential Art,Two,In stock (16 available),0,UPCbdf415fd484ea8a7
119,"Avatar: The Last Airbender: Smoke and Shadow, Part 3 (Smoke and Shadow #3)",£28.09,Fantasy,Two,In stock (16 available),0,UPC6d5300b2d8f37e07
120,Algorithms to Live By: The Computer Science of Human Decisions,£30.81,Nonfiction,One,In stock (16 available),0,UPC38d45839cb1c83c1
121,A World of Flavor: Your Gluten Free Passport,£42.95,Default,One,In stock (16 available),0,UPC70ed59f194b3c556
122,"A Piece of Sky, a Grain of Rice: A Memoir in Four Meditations",£56.76,Default,Five,In stock (16 available),0,UPC8a380641491d43ed
123,A Murder in Time,£16.64,Mystery,One,In stock (16 available),0,UPCf733e8c19d40ec2e
124,A Flight of Arrows (The Pathfinders #2),£55.53,Historical Fiction,Five,In stock (16 available),0,UPC3a6fb983e2554023
125,A Fierce and Subtle Poison,£28.13,Young Adult,Four,In stock (16 available),0,UPC842790dfaa937484
126,A Court of Thorns and Roses (A Court of Thorns and Roses #1),£52.37,Fantasy,One,In stock (16 available),0,UPC01d2001ac1e6f8a3
127,(Un)Qualified: How God Uses Broken People to Do Big Things,£54.00,Christian,Five,In stock (16 available),0,UPCe4ac92d89b946781
128,You Are What You Love: The Spiritual Power of Habit,£21.87,Religion,Four,In stock (15 available),0,UPC796c87ddbbaaf8c5
129,"William Shakespeare's Star Wars: Verily, A New Hope (William Shakespeare's Star Wars #4)",£43.30,Science Fiction,Four,In stock (15 available),0,UPC9270575728a13a61
130,Tuesday Nights in 1980,£21.04,Fiction,Two,In stock (15 available),0,UPCb8736690cf263a3c
131,Tracing Numbers on a Train,£41.60,Default,Three,In stock (15 available),0,UPCd7d6d50c1e3d0b81
132,Throne of Glass (Throne of Glass #1),£35.07,Fantasy,Three,In stock (15 available),0,UPC590a9cccf7db9f7d
133,Thomas Jefferson and the Tripoli Pirates: The Forgotten War That Changed American History,£59.64,History,One,In stock (15 available),0,UPCde3f25248ba0789f
134,Thirteen Reasons Why,£52.72,Default,One,In stock (15 available),0,UPCbc2a85fd35fdc7bd
135,The White Cat and the Monk: A Retelling of the Poem “Pangur Bán”,£58.08,Childrens,Four,In stock (15 available),0,UPC37c0cb19713d8dda
136,The Wedding Dress,£24.12,Romance,One,In stock (15 available),0,UPC623e1a180426039b
137,The Vacationers,£42.15,Fiction,Four,In stock (15 available),0,UPCfd3a622648667296
138,The Third Wave: An Entrepreneur’s Vision of the Future,£12.61,Business,Five,In stock (15 available),0,UPC3bebf34ee9330cbd
139,The Stranger,£17.44,Philosophy,Four,In stock (15 available),0,UPCf5a92cff83897d48
140,The Shadow Hero (The Shadow Hero),£33.14,Sequential Art,One,In stock (15 available),0,UPCd6361d16212664ed
141,The Secret (The Secret #1),£27.37,Default,Four,In stock (15 available),0,UPC961f18db4f138211
142,The Regional Office Is Under Attack!,£51.36,Fiction,Five,In stock (15 available),0,UPC0651062381f0636a
143,The Psychopath Test: A Journey Through the Madness Industry,£36.00,Default,Two,In stock (15 available),0,UPCe98a4efa85070c2f
144,The Project,£10.65,Science Fiction,One,In stock (15 available),0,UPC790ef197c8f236f5
145,The Power of Now: A Guide to Spiritual Enlightenment,£43.54,Nonfiction,Two,In stock (15 available),0,UPC8ec14b1576cb7cb5
146,The Omnivore's Dilemma: A Natural History of Four Meals,£38.21,Nonfiction,Two,In stock (15 available),0,UPC209adad1015af86f
147,The Nerdy Nummies Cookbook: Sweet Treats for the Geek in All of Us,£37.34,Food and Drink,Five,In stock (15 available),0,UPCe4c7f3487d17fd42
148,The Murder of Roger Ackroyd (Hercule Poirot #4),£44.10,Mystery,Four,In stock (15 available),0,UPCc7b5183f4d1d4efe
149,The Mistake (Off-Campus #2),£43.29,New Adult,Three,In stock (15 available),0,UPC99ff4cc6491e8f5c
150,The Matchmaker's Playbook (Wingmen Inc. #1),£55.85,New Adult,One,In stock (15 available),0,UPC08db62f24627e71f
151,The Love and Lemons Cookbook: An Apple-to-Zucchini Celebration of Impromptu Cooking,£37.60,Food and Drink,Two,In stock (15 available),0,UPCe28e330cbdf01126
152,The Long Shadow of Small Ghosts: Murder and Memory in an American City,£10.97,Crime,One,In stock (15 available),0,UPCabeafe151a587d3b
153,The Kite Runner,£41.82,Default,Four,In stock (15 available),0,UPCeac1a180047ad54e
154,The House by the Lake,£36.95,Historical Fiction,One,In stock (15 available),0,UPC9287e238d7c3b06e
155,The Glittering Court (The Glittering Court #1),£44.28,Fantasy,One,In stock (15 available),0,UPC2dbb7ec08cdd7f3c
156,The Girl on the Train,£55.02,Default,Two,In stock (15 available),0,UPCe956d67c9bcc5809
157,The Genius of Birds,£17.24,Nonfiction,One,In stock (15 available),0,UPC42d0d7c92b75fc1c
158,The Emerald Mystery,£23.15,Default,Two,In stock (15 available),0,UPCd6670dfe3e7b42bd
159,The Cookies & Cups Cookbook: 125+ sweet & savory recipes reminding you to Always Eat Dessert First,£41.25,Food and Drink,One,In stock (15 available),0,UPC96a38e7c813d8f1d
160,The Bridge to Consciousness: I'm Writing the Bridge Between Science and Our Old and New Beliefs.,£32.00,Default,Three,In stock (15 available),0,UPCefc3768127714ec3
161,The Artist's Way: A Spiritual Path to Higher Creativity,£38.49,Nonfiction,Five,In stock (15 available),0,UPCdd047728de72ad62
162,The Art of War,£33.34,Default,Five,In stock (15 available),0,UPCe7469e22b5bfb3e7
163,The Argonauts,£10.93,Autobiography,Two,In stock (15 available),0,UPCc99761a700ade23f
164,The 10% Entrepreneur: Live Your Startup Dream Without Quitting Your Day Job,£27.55,Business,Three,In stock (15 available),0,UPC56e4f9eab2e8e674
165,Suddenly in Love (Lake Haven #1),£55.99,Romance,Two,In stock (15 available),0,UPC203b7f94b7d6115f
166,Something More Than This,£16.24,Romance,Four,In stock (15 available),0,UPCca71e72655bece85
167,Soft Apocalypse,£26.12,Science Fiction,Two,In stock (15 available),0,UPC2a70769cdc6eb8b8
168,So You've Been Publicly Shamed,£12.23,Nonfiction,Two,In stock (15 available),0,UPC1b33663ad7b95fd8
169,Shoe Dog: A Memoir by the Creator of NIKE,£23.99,Business,Two,In stock (15 available),0,UPC0e0dcc3339602b28
170,"Shobu Samurai, Project Aryoku (#3)",£29.06,Add a comment,Three,In stock (15 available),0,UPC0c27e6c3744fc14b
171,Secrets and Lace (Fatal Hearts #1),£20.27,Default,One,In stock (15 available),0,UPCad04ad9fc179fc5d
172,Scarlett Epstein Hates It Here,£43.55,Young Adult,Five,In stock (15 available),0,UPC1c929cfd16b71907
173,Romero and Juliet: A Tragic Tale of Love and Zombies,£36.94,Default,One,In stock (15 available),0,UPCe656e280bc8edd56
174,Redeeming Love,£20.47,Christian Fiction,Five,In stock (15 available),0,UPCb53db2271c9624f7
175,Poses for Artists Volume 1 - Dynamic and Sitting Poses: An Essential Reference for Figure Drawing and the Human Form,£41.06,Default,One,In stock (15 available),0,UPCd9c643fa1fc57bdb
176,Poems That Make Grown Women Cry,£14.19,Poetry,Four,In stock (15 available),0,UPC31001a1210623bd4
177,"Nightingale, Sing",£38.28,Young Adult,One,In stock (15 available),0,UPC50b8f80311b31ede
178,Night Sky with Exit Wounds,£41.05,Poetry,One,In stock (15 available),0,UPCcfeb1e1e0e695b58
179,Mrs. Houdini,£30.25,Historical Fiction,Five,In stock (15 available),0,UPCa40723994f715420
180,Modern Romance,£28.26,Add a comment,Five,In stock (15 available),0,UPCcaf4fe9311f1dc59
181,Miss Peregrine’s Home for Peculiar Children (Miss Peregrine’s Peculiar Children #1),£10.76,Default,One,In stock (15 available),0,UPCaf96613fdd793a3c
182,Louisa: The Extraordinary Life of Mrs. Adams,£16.85,Biography,Two,In stock (15 available),0,UPCd69dd8dac66f9f84
183,Little Red,£13.47,Childrens,Three,In stock (15 available),0,UPC4aa03792b50f0b22
184,Library of Souls (Miss Peregrine’s Peculiar Children #3),£48.56,Young Adult,Five,In stock (15 available),0,UPCba54932df84e8cea
185,Large Print Heart of the Pride,£19.15,Default,Two,In stock (15 available),0,UPCc1afd71fc86bf682
186,I Had a Nice Time And Other Lies...: How to find love & sh*t like that,£57.36,Womens Fiction,Four,In stock (15 available),0,UPCfd8585283fc7d2d7
187,Hollow City (Miss Peregrine’s Peculiar Children #2),£42.98,Fantasy,One,In stock (15 available),0,UPC4ce91d31c1e57c33
188,Grumbles,£22.16,Default,Two,In stock (15 available),0,UPCd163dd6c352fbcd2
189,Full Moon over Noah’s Ark: An Odyssey to Mount Ararat and Beyond,£49.43,Travel,Four,In stock (15 available),0,UPCce60436f52c5ee68
190,Frostbite (Vampire Academy #2),£29.99,Young Adult,Five,In stock (15 available),0,UPC116a2fdc9a45bab0
191,Follow You Home,£21.36,Horror,One,In stock (15 available),0,UPC8585760646e3aa2a
192,First Steps for New Christians (Print Edition),£29.00,Default,One,In stock (15 available),0,UPC2f88b08bf0a0e367
193,Finders Keepers (Bill Hodges Trilogy #2),£53.53,Fiction,Five,In stock (15 available),0,UPCedb3097e71330040
194,"Fables, Vol. 1: Legends in Exile (Fables #1)",£41.62,Sequential Art,Four,In stock (15 available),0,UPC65d034adf80834b7
195,Eureka Trivia 6.0,£54.59,Default,Four,In stock (15 available),0,UPC29c0025455f8c585
196,Drive: The Surprising Truth About What Motivates Us,£34.95,Default,Four,In stock (15 available),0,UPC6ffb36aaeff1c81e
197,Done Rubbed Out (Reightman & Bailey #1),£37.72,Default,Five,In stock (15 available),0,UPCf6d967cdadc6fbd9
198,Doing It Over (Most Likely To #1),£35.61,Romance,Three,In stock (15 available),0,UPC3a11bb962ff45b78
199,"Deliciously Ella Every Day: Quick and Easy Recipes for Gluten-Free Snacks, Packed Lunches, and Simple Meals",£42.16,Food and Drink,Three,In stock (15 available),0,UPC46c1530d7546ea6d
200,Dark Notes,£19.19,Erotica,Five,In stock (15 available),0,UPC88c21fcd38e2486e
201,"Daring Greatly: How the Courage to Be Vulnerable Transforms the Way We Live, Love, Parent, and Lead",£19.43,Nonfiction,Three,In stock (15 available),0,UPC3b9a3b4624b7fd6d
202,Close to You,£49.46,Christian Fiction,Four,In stock (15 available),0,UPCa57b1dcbd6849222
203,Chasing Heaven: What Dying Taught Me About Living,£37.80,Spirituality,Two,In stock (15 available),0,UPC513271dadc1322ae
204,Big Magic: Creative Living Beyond Fear,£30.80,Nonfiction,Three,In stock (15 available),0,UPC1f329c2e7d7de8bd
205,Becoming Wise: An Inquiry into the Mystery and Art of Living,£27.43,Nonfiction,Two,In stock (15 available),0,UPC919e7cb2269a25d2
206,Beauty Restored (Riley Family Legacy Novellas #3),£11.11,Default,Two,In stock (15 available),0,UPC3f69e667a67e54d9
207,Batman: The Long Halloween (Batman),£36.50,Sequential Art,Two,In stock (15 available),0,UPC7edc0527cf782e19
208,Batman: The Dark Knight Returns (Batman),£15.38,Sequential Art,Five,In stock (15 available),0,UPC47271d8e08b5d31c
209,Ayumi's Violin,£15.48,Default,Two,In stock (15 available),0,UPC05f7c6d9a4e582d3
210,Anonymous,£46.82,Default,Four,In stock (15 available),0,UPCd24b829be2ca81c4
211,Amy Meets the Saints and Sages,£18.46,Default,Three,In stock (15 available),0,UPC7ebfa6c1bee69e1e
212,Amid the Chaos,£36.58,Cultural,One,In stock (15 available),0,UPCbb8245f52c7cce8f
213,Amatus,£50.54,Default,Five,In stock (15 available),0,UPCffd54178acc9a6a5
214,Agnostic: A Spirited Manifesto,£12.51,Nonfiction,Five,In stock (15 available),0,UPCd195e7f4ed697350
215,Zealot: The Life and Times of Jesus of Nazareth,£24.70,History,Three,In stock (14 available),0,UPCdd5bfa6cc2c0ecc3
216,You (You #1),£43.61,Thriller,Five,In stock (14 available),0,UPC024387ca4cafd5cc
217,"Wonder Woman: Earth One, Volume One (Wonder Woman: Earth One #1)",£37.34,Sequential Art,Four,In stock (14 available),0,UPC047097293bb4d1c0
218,Wild Swans,£14.36,Young Adult,Two,In stock (14 available),0,UPC3fb15ace50d6142b
219,Why the Right Went Wrong: Conservatism--From Goldwater to the Tea Party and Beyond,£52.65,Politics,Four,In stock (14 available),0,UPC2b5054a4192e9b06
220,Whole Lotta Creativity Going On: 60 Fun and Unusual Exercises to Awaken and Strengthen Your Creativity,£38.20,Nonfiction,Four,In stock (14 available),0,UPC44a10f1ac8ce822e
221,What's It Like in Space?: Stories from Astronauts Who've Been There,£19.60,Nonfiction,Two,In stock (14 available),0,UPC6fd646a334e6e133
222,"We Are Robin, Vol. 1: The Vigilante Business (We Are Robin #1)",£53.90,Sequential Art,One,In stock (14 available),0,UPC92275cedf6d8ee15
223,Walt Disney's Alice in Wonderland,£12.96,Childrens,Five,In stock (14 available),0,UPC6a31307a81e8f3a8
224,V for Vendetta (V for Vendetta Complete),£37.10,Default,Four,In stock (14 available),0,UPC4a1debca3135ff37
225,Until Friday Night (The Field Party #1),£46.31,Young Adult,Two,In stock (14 available),0,UPCaba2db9afb1469c7
226,"Unbroken: A World War II Story of Survival, Resilience, and Redemption",£45.95,Default,Two,In stock (14 available),0,UPC76c84daa539426e2
227,Twenty Yawns,£22.08,Childrens,Two,In stock (14 available),0,UPC1d6443ffba9dfd80
228,Through the Woods,£25.38,Sequential Art,Two,In stock (14 available),0,UPC6e44bcbeac7f4360
229,This Is Where It Ends,£27.12,Young Adult,Two,In stock (14 available),0,UPCf0f38174a7e689a3
230,The Year of Magical Thinking,£43.04,Nonfiction,Two,In stock (14 available),0,UPC34c0d7c4ee5650af
231,The Wright Brothers,£56.80,Default,Four,In stock (14 available),0,UPC08b2f71d93836313
232,The White Queen (The Cousins' War #1),£25.91,Add a comment,Five,In stock (14 available),0,UPC6875c5657661b2fb
233,The Wedding Pact (The O'Malleys #2),£32.61,Romance,Three,In stock (14 available),0,UPCc5cb9f885d8b3621
234,The Time Keeper,£27.88,Fiction,Five,In stock (14 available),0,UPCe9906e2f0d189745
235,The Testament of Mary,£52.67,Fiction,Four,In stock (14 available),0,UPC081305e6df719dff
236,The Star-Touched Queen,£46.02,Fantasy,Five,In stock (14 available),0,UPC1528279aec1f3dce
237,The Songs of the Gods,£44.48,Default,Five,In stock (14 available),0,UPC00c4543ec6bd25b4
238,The Song of Achilles,£37.40,Add a comment,Five,In stock (14 available),0,UPCe88fb1c9397cfb27
239,The Rosie Project (Don Tillman #1),£54.04,Default,One,In stock (14 available),0,UPC012094e90a4b908d
240,The Power of Habit: Why We Do What We Do in Life and Business,£16.88,Default,Three,In stock (14 available),0,UPC6bdd909329435e80
241,The Marriage of Opposites,£28.08,Historical Fiction,Four,In stock (14 available),0,UPC52cf2a5933ec5d8f
242,The Lucifer Effect: Understanding How Good People Turn Evil,£10.40,Psychology,One,In stock (14 available),0,UPC4e812d32d64e2431
243,The Long Haul (Diary of a Wimpy Kid #9),£44.07,Humor,One,In stock (14 available),0,UPCf21effc079a2b38a
244,The Loney,£23.40,Horror,One,In stock (14 available),0,UPC2d88a31f325dfd3b
245,The Literature Book (Big Ideas Simply Explained),£17.43,Nonfiction,Three,In stock (14 available),0,UPC4881cc53f6c8892f
246,The Last Mile (Amos Decker #2),£54.21,Mystery,Two,In stock (14 available),0,UPC3bc89353f7e3a3cc
247,The Immortal Life of Henrietta Lacks,£40.67,Add a comment,Two,In stock (14 available),0,UPCf72f61ad6a5f12ed
248,The Hidden Oracle (The Trials of Apollo #1),£52.26,Fantasy,Two,In stock (14 available),0,UPC992974ba6a0536ea
249,The Help Yourself Cookbook for Kids: 60 Easy Plant-Based Recipes Kids Can Make to Stay Healthy and Save the Earth,£28.77,Food and Drink,Three,In stock (14 available),0,UPCddc8340dabc8641b
250,The Guilty (Will Robie #4),£13.82,Thriller,Two,In stock (14 available),0,UPC847935fc68707426
251,The First Hostage (J.B. Collins #2),£25.85,Fiction,Three,In stock (14 available),0,UPCa86972014275e072
252,The Dovekeepers,£48.78,Add a comment,One,In stock (14 available),0,UPC3d76bc83c6b644c9
253,The Darkest Lie,£35.35,Young Adult,Five,In stock (14 available),0,UPC6edacfd1f8ebb9eb
254,The Bane Chronicles (The Bane Chronicles #1-11),£44.73,Fantasy,Four,In stock (14 available),0,UPCdc6f688b82e42a5b
255,The Bad-Ass Librarians of Timbuktu: And Their Race to Save the World’s Most Precious Manuscripts,£15.77,Nonfiction,One,In stock (14 available),0,UPC923831a05c9f91f7
256,The 14th Colony (Cotton Malone #11),£39.24,Thriller,One,In stock (14 available),0,UPC1b8187fa4bf6ab05
257,That Darkness (Gardiner and Renner #1),£13.92,Mystery,One,In stock (14 available),0,UPC0c7b9cf2b7662b65
258,Tastes Like Fear (DI Marnie Rome #3),£10.69,Mystery,One,In stock (14 available),0,UPC2d1e337aaf341858
259,Take Me with You,£45.21,Fiction,Three,In stock (14 available),0,UPC2c04320e110a14a3
260,Swell: A Year of Waves,£45.58,Nonfiction,One,In stock (14 available),0,UPC4c8b7540409da4ac
261,Superman Vol. 1: Before Truth (Superman by Gene Luen Yang #1),£11.89,Sequential Art,Five,In stock (14 available),0,UPCac8e3949d284e9a9
262,Still Life with Bread Crumbs,£26.41,Fiction,Three,In stock (14 available),0,UPCfe44cc816576c652
263,Steve Jobs,£39.50,Default,Five,In stock (14 available),0,UPC95019eac1c0a052f
264,Sorting the Beef from the Bull: The Science of Food Fraud Forensics,£44.74,Science,Four,In stock (14 available),0,UPC3edcccc4f341fb1a
265,Someone Like You (The Harrisons #2),£52.79,Contemporary,Five,In stock (14 available),0,UPCa278db6b2b09cf9f
266,"So Cute It Hurts!!, Vol. 6 (So Cute It Hurts!! #6)",£35.43,Sequential Art,Four,In stock (14 available),0,UPC394f6d30cafc3edb
267,Shtum,£55.84,Fiction,Four,In stock (14 available),0,UPC830fb3967c74866d
268,See America: A Celebration of Our National Parks & Treasured Sites,£48.87,Travel,Three,In stock (14 available),0,UPCf9705c362f070608
269,salt.,£46.78,Poetry,Four,In stock (14 available),0,UPC86cbddb61ea78bb7
270,Robin War,£47.82,Sequential Art,Three,In stock (14 available),0,UPC85b2176b3b194030
271,"Red Hood/Arsenal, Vol. 1: Open for Business (Red Hood/Arsenal #1)",£25.48,Sequential Art,Two,In stock (14 available),0,UPC31e2e2d9cca3778f
272,Rain Fish,£23.57,Childrens,Three,In stock (14 available),0,UPCa6454e329f872b78
273,"Quarter Life Poetry: Poems for the Young, Broke and Hangry",£50.89,Poetry,Five,In stock (14 available),0,UPCaa35446aab16017f
274,Pet Sematary,£10.56,Horror,Three,In stock (14 available),0,UPCaf58a74e4b2a23a0
275,"Overload: How to Unplug, Unwind, and Unleash Yourself from the Pressure of Stress",£52.15,Self Help,Three,In stock (14 available),0,UPC8ecf0356a3878811
276,Once Was a Time,£18.28,Childrens,Two,In stock (14 available),0,UPCe34efcc824685332
277,Old School (Diary of a Wimpy Kid #10),£11.83,Humor,Five,In stock (14 available),0,UPC02b74068fa98d8a4
278,No Dream Is Too High: Life Lessons From a Man Who Walked on the Moon,£21.95,Nonfiction,Two,In stock (14 available),0,UPC132ec5e8c984adef
279,"Naruto (3-in-1 Edition), Vol. 14: Includes Vols. 40, 41 & 42 (Naruto: Omnibus #14)",£38.39,Sequential Art,Two,In stock (14 available),0,UPC71e36f33981ddb74
280,My Name Is Lucy Barton,£41.56,Fiction,One,In stock (14 available),0,UPC727bf2b86b19ad88
281,My Mrs. Brown,£24.48,Fiction,Three,In stock (14 available),0,UPCcc82685d9f49bc2c
282,My Kind of Crazy,£40.36,Young Adult,One,In stock (14 available),0,UPC137b0b2775701e11
283,Mr. Mercedes (Bill Hodges Trilogy #1),£28.90,Fiction,One,In stock (14 available),0,UPCcaa2e5b3fb1b2d4c
284,More Than Music (Chasing the Dream #1),£37.61,Add a comment,Two,In stock (14 available),0,UPC47d47155e89c8be7
285,Made to Stick: Why Some Ideas Survive and Others Die,£38.85,Business,Five,In stock (14 available),0,UPCb96fc7a0ea7d4b45
286,Luis Paints the World,£53.95,Childrens,Three,In stock (14 available),0,UPC5b43cae640f2338a
287,Luckiest Girl Alive,£49.83,Default,Three,In stock (14 available),0,UPCd512871626a5e588
288,Lowriders to the Center of the Earth (Lowriders in Space #2),£51.51,Sequential Art,Two,In stock (14 available),0,UPCa10c7515834240f3
289,Love Is a Mix Tape (Music #1),£18.03,Music,One,In stock (14 available),0,UPCadb5f51c2e2ab13f
290,Looking for Lovely: Collecting the Moments that Matter,£29.14,Nonfiction,Five,In stock (14 available),0,UPC24af96df0bafb925
291,"Living Leadership by Insight: A Good Leader Achieves, a Great Leader Builds Monuments",£46.91,Default,Four,In stock (14 available),0,UPC17fb5a88180f9904
292,Let It Out: A Journey Through Journaling,£26.79,Nonfiction,Five,In stock (14 available),0,UPC1174156c4a0eccaa
293,Lady Midnight (The Dark Artifices #1),£16.28,Default,Five,In stock (14 available),0,UPC708345c9897fd7c5
294,"It's All Easy: Healthy, Delicious Weeknight Meals in under 30 Minutes",£19.55,Food and Drink,One,In stock (14 available),0,UPC245e6bf08b8d2955
295,Island of Dragons (Unwanteds #7),£29.65,Fantasy,One,In stock (14 available),0,UPC2b52334fab158861
296,I Know What I'm Doing -- and Other Lies I Tell Myself: Dispatches from a Life Under Construction,£25.98,Humor,Four,In stock (14 available),0,UPCb8a8ff84233f0570
297,I Am Pilgrim (Pilgrim #1),£10.60,Fiction,Four,In stock (14 available),0,UPCaeff7b87a8e83ebb
298,"Hyperbole and a Half: Unfortunate Situations, Flawed Coping Mechanisms, Mayhem, and Other Things That Happened",£14.75,Humor,Five,In stock (14 available),0,UPCfbb21a2f71f4d981
299,"Hush, Hush (Hush, Hush #1)",£47.02,Default,Three,In stock (14 available),0,UPC6b6cd77fbc91b7a6
300,Hold Your Breath (Search and Rescue #1),£28.82,Romance,One,In stock (14 available),0,UPC0b165bd4b9f42fd5
301,Hamilton: The Revolution,£58.79,Nonfiction,Three,In stock (14 available),0,UPCafa829857f82f99e
302,Greek Mythic History,£10.23,Default,Five,In stock (14 available),0,UPCf201f263d8c23f97
303,God: The Most Unpleasant Character in All Fiction,£30.03,Religion,Five,In stock (14 available),0,UPCeec424a84c9e4c68
304,Glory over Everything: Beyond The Kitchen House,£45.84,Historical Fiction,Three,In stock (14 available),0,UPCde4b403cb629a29f
305,Feathers: Displays of Brilliant Plumage,£49.05,Art,Three,In stock (14 available),0,UPC9194ae88379dbf1a
306,"Far & Away: Places on the Brink of Change: Seven Continents, Twenty-Five Years",£15.06,Nonfiction,Four,In stock (14 available),0,UPCac4dde0d1be05de0
307,Every Last Word,£46.47,Default,Three,In stock (14 available),0,UPCa2bd4ca82d908442
308,Eligible (The Austen Project #4),£27.09,Fiction,Three,In stock (14 available),0,UPC9eaf58b03a2779cc
309,El Deafo,£57.62,Sequential Art,Five,In stock (14 available),0,UPC27c5968fe43cc06e
310,Eight Hundred Grapes,£14.39,Fiction,Four,In stock (14 available),0,UPC1d6dd0c87d90fe92
311,"Eaternity: More than 150 Deliciously Easy Vegan Recipes for a Long, Healthy, Satisfied, Joyful Life",£51.75,Nonfiction,Five,In stock (14 available),0,UPCa01f6d368ef64dc5
312,"Eat Fat, Get Thin",£54.07,Health,Two,In stock (14 available),0,UPC047dfa57ba0bf638
313,Don't Get Caught,£55.35,Young Adult,One,In stock (14 available),0,UPCad2887ce04583910
314,Doctor Sleep (The Shining #2),£40.12,Horror,Two,In stock (14 available),0,UPCbf5de316a5e9a4ab
315,Demigods & Magicians: Percy and Annabeth Meet the Kanes (Percy Jackson & Kane Chronicles Crossover #1-3),£37.51,Fantasy,Five,In stock (14 available),0,UPC3c6fe637a0180b01
316,Dear Mr. Knightley,£11.21,Fiction,Five,In stock (14 available),0,UPC94a958ea126cdcd5
317,Daily Fantasy Sports,£36.58,Default,One,In stock (14 available),0,UPC0e94a089328be4bc
318,Crazy Love: Overwhelmed by a Relentless God,£47.72,Christian,Two,In stock (14 available),0,UPC4b9d9cfe0f435788
319,Cometh the Hour (The Clifton Chronicles #6),£25.01,Fiction,Three,In stock (14 available),0,UPC28cf0d1c51b491e5
320,Code Name Verity (Code Name Verity #1),£22.13,Add a comment,Four,In stock (14 available),0,UPC33a3e0e3ffde0dcd
321,Clockwork Angel (The Infernal Devices #1),£44.14,Default,One,In stock (14 available),0,UPC42b0c50fc44140ec
322,City of Glass (The Mortal Instruments #3),£56.02,Fantasy,Four,In stock (14 available),0,UPC966ebb738e0f9d9b
323,City of Fallen Angels (The Mortal Instruments #4),£11.23,Default,Four,In stock (14 available),0,UPC1e264c677d4ee4ae
324,City of Bones (The Mortal Instruments #1),£43.28,Default,One,In stock (14 available),0,UPC5b987e54ee72525c
325,City of Ashes (The Mortal Instruments #2),£47.27,Default,One,In stock (14 available),0,UPC8a6ec2761f91dad2
326,Cell,£20.29,Add a comment,Four,In stock (14 available),0,UPCbfbb54bc8cdeed2b
327,Catching Jordan (Hundred Oaks),£50.83,Young Adult,Three,In stock (14 available),0,UPCe2e7b683b4c15b7d
328,"Carry On, Warrior: Thoughts on Life Unarmed",£31.85,Default,Three,In stock (14 available),0,UPC1b0fc9f777cad045
329,Carrie,£46.23,Default,Two,In stock (14 available),0,UPC5f22418922fa728b
330,Buying In: The Secret Dialogue Between What We Buy and Who We Are,£37.80,Nonfiction,Four,In stock (14 available),0,UPC16ef91b9d827859c
331,Brain on Fire: My Month of Madness,£49.32,Nonfiction,Five,In stock (14 available),0,UPCa80f66b254fe9eb3
332,Batman: Europa,£32.01,Sequential Art,Two,In stock (14 available),0,UPCbf68dcb5fad3cc8c
333,Barefoot Contessa Back to Basics,£28.01,Food and Drink,One,In stock (14 available),0,UPC999912e63a3262ae
334,Barefoot Contessa at Home: Everyday Recipes You'll Make Over and Over Again,£50.62,Food and Drink,Five,In stock (14 available),0,UPC0e0da9192a025efc
335,Balloon Animals,£17.03,Fiction,Three,In stock (14 available),0,UPC9b65f676984c9f0c
336,Art Ops Vol. 1,£48.80,Sequential Art,Three,In stock (14 available),0,UPCffdc825785c0ede8
337,Aristotle and Dante Discover the Secrets of the Universe (Aristotle and Dante Discover the Secrets of the Universe #1),£58.14,Young Adult,Four,In stock (14 available),0,UPC41164b8ac02a2c42
338,Angels Walking (Angels Walking #1),£34.20,Add a comment,Two,In stock (14 available),0,UPC1fbb5f786e53a0ce
339,Angels & Demons (Robert Langdon #1),£51.48,Default,Three,In stock (14 available),0,UPCad41c24ccac0c7ce
340,All the Light We Cannot See,£29.87,Historical,Five,In stock (14 available),0,UPC39861fc1c0845d15
341,"Adulthood Is a Myth: A ""Sarah's Scribbles"" Collection",£10.90,Sequential Art,Two,In stock (14 available),0,UPC5319169a72714c62
342,Abstract City,£56.37,Nonfiction,Five,In stock (14 available),0,UPCcf1aa2fc02a7d1e0
343,A Time of Torment (Charlie Parker #14),£48.35,Mystery,Five,In stock (14 available),0,UPC4416c474713ec1f5
344,A Study in Scarlet (Sherlock Holmes #1),£16.73,Mystery,Two,In stock (14 available),0,UPC63ee5bc46066a8a8
345,"A Series of Catastrophes and Miracles: A True Story of Love, Science, and Cancer",£56.48,Add a comment,Two,In stock (14 available),0,UPCc1379d3744f1dd2c
346,A People's History of the United States,£40.79,Add a comment,Two,In stock (14 available),0,UPC1ad06aed9349af46
347,A Man Called Ove,£39.72,Fiction,One,In stock (14 available),0,UPC8682c03de6a844ff
348,A Distant Mirror: The Calamitous 14th Century,£14.58,History,Three,In stock (14 available),0,UPCd5e0526e1ab682a3
349,A Brush of Wings (Angels Walking #3),£55.51,Add a comment,One,In stock (14 available),0,UPC01a177623cce9596
350,1491: New Revelations of the Americas Before Columbus,£21.80,History,Three,In stock (14 available),0,UPC6e8e5626ac4d279e
351,"The Three Searches, Meaning, and the Story",£13.33,Default,Three,In stock (13 available),0,UPCac5e0d3938caf686
352,Searching for Meaning in Gailana,£38.73,Fantasy,One,In stock (13 available),0,UPC2f0213137a80d485
353,Rook,£37.86,Add a comment,Four,In stock (13 available),0,UPC44d97b6707dae3f0
354,My Kitchen Year: 136 Recipes That Saved My Life,£11.53,Food and Drink,Two,In stock (13 available),0,UPC8bbd7df8a324f31d
355,13 Hours: The Inside Account of What Really Happened In Benghazi,£27.06,Nonfiction,One,In stock (13 available),0,UPC4be9d1910f8a4e80
356,Will You Won't You Want Me?,£13.86,Womens Fiction,Three,In stock (12 available),0,UPC077b635ff2afc578
357,Tipping Point for Planet Earth: How Close Are We to the Edge?,£37.55,Science,One,In stock (12 available),0,UPC148715df5a02ea5e
358,The Star-Touched Queen,£32.30,Fantasy,Five,In stock (12 available),0,UPC4a7a25be293ad678
359,The Silent Sister (Riley MacPherson #1),£46.29,Fiction,Five,In stock (12 available),0,UPCce1ae197ada2aec4
360,The Midnight Watch: A Novel of the Titanic and the Californian,£26.20,Add a comment,One,In stock (12 available),0,UPC14e44163678e24dc
361,The Lonely City: Adventures in the Art of Being Alone,£33.26,Nonfiction,Two,In stock (12 available),0,UPC582a21a1dbbef3cf
362,The Gray Rhino: How to Recognize and Act on the Obvious Dangers We Ignore,£59.15,Add a comment,Four,In stock (12 available),0,UPC3063c7e95d0bf76f
363,The Golden Condom: And Other Essays on Love Lost and Found,£39.43,Psychology,One,In stock (12 available),0,UPC235fa48eeed11d82
364,The Epidemic (The Program 0.6),£14.44,Young Adult,Five,In stock (12 available),0,UPCf732d7d18a91d2ba
365,The Dinner Party,£56.54,Fiction,Two,In stock (12 available),0,UPCc6ca293d4810e0d5
366,The Diary of a Young Girl,£59.90,Nonfiction,Three,In stock (12 available),0,UPC54fc03f1e1d355db
367,The Children,£11.88,Add a comment,Three,In stock (12 available),0,UPC64fd010bf8d15096
368,Stars Above (The Lunar Chronicles #4.5),£48.05,Young Adult,Two,In stock (12 available),0,UPCb63ea3f7a57ae099
369,Snatched: How A Drug Queen Went Undercover for the DEA and Was Kidnapped By Colombian Guerillas,£21.21,Nonfiction,Three,In stock (12 available),0,UPCf40fea200e0c644f
370,Raspberry Pi Electronics Projects for the Evil Genius,£49.67,Default,Four,In stock (12 available),0,UPCebf81a62e4798fd1
371,Quench Your Own Thirst: Business Lessons Learned Over a Beer or Two,£43.14,Business,One,In stock (12 available),0,UPC8976d9161c027142
372,Psycho: Sanitarium (Psycho #1.5),£36.97,Horror,Five,In stock (12 available),0,UPCb8d7b3f5c7a95d65
373,Poisonous (Max Revere Novels #3),£26.80,Mystery,Three,In stock (12 available),0,UPCabdd91e96515a617
374,One with You (Crossfire #5),£15.71,Add a comment,Four,In stock (12 available),0,UPC81ef44fcc5f454df
375,No Love Allowed (Dodge Cove #1),£54.65,Young Adult,Four,In stock (12 available),0,UPCdb84624b151cbe06
376,Murder at the 42nd Street Library (Raymond Ambler #1),£54.36,Mystery,Four,In stock (12 available),0,UPCe7fe3bf2768602cf
377,Most Wanted,£35.28,Mystery,Three,In stock (12 available),0,UPCc039f5aceb093537
378,"Love, Lies and Spies",£20.55,Historical Fiction,Two,In stock (12 available),0,UPC9546d537fbf99eb6
379,How to Speak Golf: An Illustrated Guide to Links Lingo,£58.32,Default,Five,In stock (12 available),0,UPCb978c9852cde91bd
380,Hide Away (Eve Duncan #20),£11.84,Mystery,One,In stock (12 available),0,UPCbddc6fd036eb6279
381,Furiously Happy: A Funny Book About Horrible Things,£41.46,Nonfiction,Four,In stock (12 available),0,UPCc6a29d6df8de968c
382,Everyday Italian: 125 Simple and Delicious Recipes,£20.10,Food and Drink,Five,In stock (12 available),0,UPC76319fe9d8b465a3
383,Equal Is Unfair: America's Misguided Fight Against Income Inequality,£56.86,Politics,One,In stock (12 available),0,UPC3968e3fbf4695d7c
384,Eleanor & Park,£56.51,Default,Five,In stock (12 available),0,UPC6983328f15506cb9
385,Dirty (Dive Bar #1),£40.83,Romance,Four,In stock (12 available),0,UPCdf7e628bad5782b4
386,Can You Keep a Secret? (Fear Street Relaunch #4),£48.64,Horror,One,In stock (12 available),0,UPCd069086944f2e330
387,Boar Island (Anna Pigeon #19),£59.48,Mystery,Three,In stock (12 available),0,UPC49b24c6a41b82bd2
388,A Paris Apartment,£39.01,Historical Fiction,Four,In stock (12 available),0,UPC63343e287971bb0c
389,"A la Mode: 120 Recipes in 60 Pairings: Pies, Tarts, Cakes, Crisps, and More Topped with Ice Cream, Gelato, Frozen Custard, and More",£38.77,Food and Drink,One,In stock (12 available),0,UPCa4eef523118805ef
390,Troublemaker: Surviving Hollywood and Scientology,£48.39,Default,Two,In stock (11 available),0,UPC515cb8fcafb1ad98
391,The Widow,£27.26,Mystery,Two,In stock (11 available),0,UPC6159d8b187831770
392,"The Sleep Revolution: Transforming Your Life, One Night at a Time",£11.68,Nonfiction,Four,In stock (11 available),0,UPC985991708c47003e
393,The Improbability of Love,£59.45,Fiction,One,In stock (11 available),0,UPC437d8dea9272d0a9
394,The Art of Startup Fundraising,£21.00,Business,Three,In stock (11 available),0,UPC1c584f82a7a1c4f0
395,Take Me Home Tonight (Rock Star Romance #3),£53.98,Romance,Three,In stock (11 available),0,UPCcf62fa272b5f0fa3
396,Sleeping Giants (Themis Files #1),£48.74,Science Fiction,One,In stock (11 available),0,UPCf435aa99d864077d
397,"Setting the World on Fire: The Brief, Astonishing Life of St. Catherine of Siena",£21.15,Biography,Two,In stock (11 available),0,UPCb06599b108e83f98
398,Playing with Fire,£13.71,Mystery,Three,In stock (11 available),0,UPC05a61a3bd8ca4149
399,Off the Hook (Fishing for Trouble #1),£47.67,Romance,Three,In stock (11 available),0,UPCb783ce08802cd1d1
400,Mothering Sunday,£13.34,Fiction,Two,In stock (11 available),0,UPC47e1b2d43f709995
401,"Mother, Can You Not?",£16.89,Nonfiction,Five,In stock (11 available),0,UPC28b2df9fadc9f07e
402,M Train,£27.18,Autobiography,One,In stock (11 available),0,UPC5569c3fea112718e
403,Lilac Girls,£17.28,Historical Fiction,Two,In stock (11 available),0,UPCbade9943ee01b63f
404,Lies and Other Acts of Love,£45.14,Fiction,One,In stock (11 available),0,UPC469508882dfc1991
405,Lab Girl,£40.85,Autobiography,One,In stock (11 available),0,UPC825d6c44da3ca5a6
406,Keep Me Posted,£20.46,Womens Fiction,Four,In stock (11 available),0,UPC20dc4f1ac5d4fd9c
407,It Didn't Start with You: How Inherited Family Trauma Shapes Who We Are and How to End the Cycle,£56.27,Psychology,Three,In stock (11 available),0,UPCce8666d9b42fc9a0
408,Grey (Fifty Shades #4),£48.49,Womens Fiction,Four,In stock (11 available),0,UPCb5953ca1f8a0b8d7
409,"Exit, Pursued by a Bear",£51.34,Young Adult,Four,In stock (11 available),0,UPCc65c25d990fc7025
410,Daredevils,£16.34,Fiction,Three,In stock (11 available),0,UPCf608c903c451f387
411,Cravings: Recipes for What You Want to Eat,£20.50,Food and Drink,Three,In stock (11 available),0,UPC2587c54f5530dafc
412,Born for This: How to Find the Work You Were Meant to Do,£21.59,Business,Five,In stock (11 available),0,UPC816180220e8cb419
413,Arena,£21.36,Science Fiction,Four,In stock (11 available),0,UPC2c34f9432069b52b
414,Adultery,£20.88,Default,Five,In stock (11 available),0,UPCbb967277222e689c
415,A Mother's Reckoning: Living in the Aftermath of Tragedy,£19.53,Nonfiction,Three,In stock (11 available),0,UPC2b69dec0193511d9
416,A Gentleman's Position (Society of Gentlemen #3),£14.75,Romance,Five,In stock (11 available),0,UPC40c4bf520c17de54
417,11/22/63,£48.48,Fiction,Three,In stock (11 available),0,UPCa9d7b75461084a26
418,"10% Happier: How I Tamed the Voice in My Head, Reduced Stress Without Losing My Edge, and Found Self-Help That Actually Works",£24.57,Nonfiction,Two,In stock (10 available),0,UPC34669b2e9d407d3a
419,10-Day Green Smoothie Cleanse: Lose Up to 15 Pounds in 10 Days!,£49.71,Health,Five,In stock (10 available),0,UPC96aa539bfd4c07e2
420,Without Shame,£48.27,Add a comment,Five,In stock (9 available),0,UPCab60e6f5a63e1cfb
421,Watchmen,£58.05,Add a comment,Four,In stock (9 available),0,UPCd1848064c54e01c7
422,Unlimited Intuition Now,£58.87,Default,Four,In stock (9 available),0,UPC4fd0a2a350f016e6
423,Underlying Notes,£11.82,Default,Two,In stock (9 available),0,UPC0967effecd292a86
424,The Shack,£28.03,Fiction,One,In stock (9 available),0,UPC903a9f8090104c2c
425,The New Brand You: Your New Image Makes the Sale for You,£44.05,Default,Five,In stock (9 available),0,UPC4b50fb1359ebf35d
426,"The Moosewood Cookbook: Recipes from Moosewood Restaurant, Ithaca, New York",£12.34,Food and Drink,Four,In stock (9 available),0,UPC65cfc9f242c2984a
427,The Flowers Lied,£16.68,Default,Two,In stock (9 available),0,UPC33396269bcce166f
428,"The Fabric of the Cosmos: Space, Time, and the Texture of Reality",£55.91,Science,One,In stock (9 available),0,UPCca74f2e3c35a3e77
429,The Book of Mormon,£24.57,Religion,Three,In stock (9 available),0,UPC3f25a2fedae191cc
430,The Art and Science of Low Carbohydrate Living,£52.98,Health,Five,In stock (9 available),0,UPCf9c87ccb2bc4853b
431,The Alien Club,£54.40,Young Adult,One,In stock (9 available),0,UPCe77594ece9b9d1fe
432,Suzie Snowflake: One beautiful flake (a self-esteem story),£54.81,Novels,Five,In stock (9 available),0,UPC0e095ed785af7e43
433,Nap-a-Roo,£25.08,Childrens,One,In stock (9 available),0,UPC913e7109cec0cb4c
434,"NaNo What Now? Finding your editing process, revising your NaNoWriMo book and building a writing career through publishing and beyond",£10.41,Default,Four,In stock (9 available),0,UPCee6c67859d70186b
435,Modern Day Fables,£47.44,Default,Two,In stock (9 available),0,UPC6baac632f7711e26
436,If I Gave You God's Phone Number....: Searching for Spirituality in America,£20.91,Spirituality,One,In stock (9 available),0,UPC8fab4c4f6f82a4ce
437,"Fruits Basket, Vol. 9 (Fruits Basket #9)",£33.95,Sequential Art,Four,In stock (9 available),0,UPC97187f5cf0385da3
438,Dress Your Family in Corduroy and Denim,£43.68,Humor,Three,In stock (9 available),0,UPC7e9068872228c474
439,Don't Forget Steven,£33.23,Young Adult,One,In stock (9 available),0,UPCe845d305f64154f1
440,Chernobyl 01:23:40: The Incredible True Story of the World's Worst Nuclear Disaster,£35.92,Nonfiction,Two,In stock (9 available),0,UPC7186241e043de5dc
441,Art and Fear: Observations on the Perils (and Rewards) of Artmaking,£48.63,Art,Four,In stock (9 available),0,UPCd6d9ffea95f2f8bf
442,A Shard of Ice (The Black Symphony Saga #1),£56.63,Fantasy,Three,In stock (9 available),0,UPC63d5f1651880dcea
443,A Hero's Curse (The Unseen Chronicles #1),£50.49,Add a comment,Three,In stock (9 available),0,UPCc181ca8eabe7d18c
444,23 Degrees South: A Tropical Tale of Changing Whether...,£35.79,Add a comment,Two,In stock (9 available),0,UPC61cf7eb9d2cd8bb0
445,"Zero to One: Notes on Startups, or How to Build the Future",£34.06,Nonfiction,Three,In stock (8 available),0,UPCe77033ce559947f7
446,Why Not Me?,£17.76,Nonfiction,One,In stock (8 available),0,UPC04f6c929888f4f11
447,When Breath Becomes Air,£39.36,Nonfiction,Two,In stock (8 available),0,UPCb69c852e7e3956af
448,Vagabonding: An Uncommon Guide to the Art of Long-Term World Travel,£36.94,Travel,Two,In stock (8 available),0,UPC1809259a5a5f1d8d
449,The Unlikely Pilgrimage of Harold Fry (Harold Fry #1),£43.62,Default,Five,In stock (8 available),0,UPCe0bdd79c7304ee8d
450,The New Drawing on the Right Side of the Brain,£43.02,Art,Three,In stock (8 available),0,UPC3eec766dda26fa64
451,"The Midnight Assassin: Panic, Scandal, and the Hunt for America's First Serial Killer",£28.45,Nonfiction,Four,In stock (8 available),0,UPC5a0d2e9284004266
452,The Martian (The Martian #1),£41.39,Default,Two,In stock (8 available),0,UPC9afd00e81d6208e6
453,The High Mountains of Portugal,£51.15,Fiction,One,In stock (8 available),0,UPC4f283dfcbeccc0d4
454,The Grownup,£35.88,Short Stories,One,In stock (8 available),0,UPC1bba4b1ba23ed2d6
455,The E-Myth Revisited: Why Most Small Businesses Don't Work and What to Do About It,£36.91,Business,One,In stock (8 available),0,UPCa2308a936e898d48
456,South of Sunshine,£28.93,Young Adult,One,In stock (8 available),0,UPC331c26103d885cae
457,Smarter Faster Better: The Secrets of Being Productive in Life and Business,£38.89,Nonfiction,Five,In stock (8 available),0,UPCa2475a245c9907c4
458,Silence in the Dark (Logan Point #4),£58.33,Suspense,Three,In stock (8 available),0,UPCe46a164cf310fd7d
459,Shadows of the Past (Logan Point #1),£39.67,Christian Fiction,Five,In stock (8 available),0,UPCbee6e93e9976f4fa
460,Roller Girl,£14.10,Sequential Art,Five,In stock (8 available),0,UPCaeb51dfbe8aeec59
461,Rising Strong,£21.82,Nonfiction,Three,In stock (8 available),0,UPC52fc458ffc756faf
462,Proofs of God: Classical Arguments from Tertullian to Barth,£54.21,Philosophy,One,In stock (8 available),0,UPCd56d0710668bb39c
463,Please Kill Me: The Uncensored Oral History of Punk,£31.19,Music,Four,In stock (8 available),0,UPC4a823d80aa30dbb0
464,Out of Print: City Lights Spotlight No. 14,£53.64,Poetry,Five,In stock (8 available),0,UPCc0fc0cd215ee1724
465,My Life Next Door (My Life Next Door ),£36.39,Young Adult,Five,In stock (8 available),0,UPC9a7291b89bd5445c
466,Miller's Valley,£58.54,Fiction,Two,In stock (8 available),0,UPCbff270fe9c86a5a9
467,Man's Search for Meaning,£29.48,Nonfiction,Three,In stock (8 available),0,UPC4729afff3bea0f0a
468,"Love That Boy: What Two Presidents, Eight Road Trips, and My Son Taught Me About a Parent's Expectations",£25.06,Nonfiction,Two,In stock (8 available),0,UPC4d3a4c7b442a9a4e
469,Living Forward: A Proven Plan to Stop Drifting and Get the Life You Want,£12.55,Nonfiction,Three,In stock (8 available),0,UPC044534b0b28b4e87
470,Les Fleurs du Mal,£29.04,Poetry,Five,In stock (8 available),0,UPCc44c5e1425475206
471,Left Behind (Left Behind #1),£40.72,Default,Two,In stock (8 available),0,UPC29af1a2566c4e36e
472,Kill 'Em and Leave: Searching for James Brown and the American Soul,£45.05,Music,Five,In stock (8 available),0,UPC39eefec3a8498dde
473,Kierkegaard: A Christian Missionary to Christians,£47.13,Philosophy,One,In stock (8 available),0,UPC0cf57cb49272fd37
474,John Vassos: Industrial Design for Modern Life,£20.22,Default,Four,In stock (8 available),0,UPCbd26e8a79a856c31
475,I'll Give You the Sun,£56.48,Default,One,In stock (8 available),0,UPC0ab4b35dcffcffd1
476,I Will Find You,£44.21,Nonfiction,One,In stock (8 available),0,UPCbbf1ea50be8008ab
477,Hystopia: A Novel,£21.96,Fiction,Four,In stock (8 available),0,UPC0bfdef63285d3019
478,Howl and Other Poems,£40.45,Poetry,Two,In stock (8 available),0,UPCb7870fa6dc088fbb
479,History of Beauty,£10.29,Art,Four,In stock (8 available),0,UPC8a150fd8ff5d7686
480,Heaven is for Real: A Little Boy's Astounding Story of His Trip to Heaven and Back,£52.86,Default,Two,In stock (8 available),0,UPCd48c1369927ebef1
481,Future Shock (Future Shock #1),£55.65,Young Adult,Five,In stock (8 available),0,UPCdf6a7c43faa6732b
482,Ender's Game (The Ender Quintet #1),£43.64,Default,One,In stock (8 available),0,UPCe049d44c4f1cf1b2
483,Diary of a Citizen Scientist: Chasing Tiger Beetles and Other New Ways of Engaging the World,£28.41,Science,One,In stock (8 available),0,UPC0c11e2d068768dbb
484,Death by Leisure: A Cautionary Tale,£37.51,Default,Four,In stock (8 available),0,UPC4dbd54d9e36c9566
485,Brilliant Beacons: A History of the American Lighthouse,£11.45,History,Three,In stock (8 available),0,UPC7f5157bf53065d36
486,Brazen: The Courage to Find the You That's Been Hiding,£19.22,Nonfiction,Two,In stock (8 available),0,UPC77e9ea355bd8ae57
487,Between the World and Me,£56.91,Nonfiction,Four,In stock (8 available),0,UPC04e3de7ac35ec5cd
488,Being Mortal: Medicine and What Matters in the End,£55.06,Nonfiction,Four,In stock (8 available),0,UPC15ebd83e53d0391b
489,"A Murder Over a Girl: Justice, Gender, Junior High",£13.20,Nonfiction,Three,In stock (8 available),0,UPCfef91502cbacf23a
490,32 Yolks,£53.63,Food and Drink,Two,In stock (8 available),0,UPCb1a227b7609ff263
491,"""Most Blessed of the Patriarchs"": Thomas Jefferson and the Empire of the Imagination",£44.48,History,Five,In stock (8 available),0,UPCf16c2edb2a603f92
492,You Are a Badass: How to Stop Doubting Your Greatness and Start Living an Awesome Life,£12.08,Self Help,Three,In stock (7 available),0,UPC88ec621893e595d0
493,Wildlife of New York: A Five-Borough Coloring Book,£22.14,Default,Two,In stock (7 available),0,UPCb46d022080543144
494,What Happened on Beale Street (Secrets of the South Mysteries #2),£25.37,Mystery,Five,In stock (7 available),0,UPC9735c969c652dd89
495,Unreasonable Hope: Finding Faith in the God Who Brings Purpose to Your Pain,£46.33,Spirituality,Two,In stock (7 available),0,UPC48cb52d78c992487
496,Under the Tuscan Sun,£37.33,Travel,Three,In stock (7 available),0,UPCa94350ee74deaa07
497,Toddlers Are A**holes: It's Not Your Fault,£25.55,Humor,One,In stock (7 available),0,UPC4242cc3d0437db12
498,The Year of Living Biblically: One Man's Humble Quest to Follow the Bible as Literally as Possible,£34.72,Default,One,In stock (7 available),0,UPC4a0b78598b42897a
499,The Whale,£35.96,Childrens,Four,In stock (7 available),0,UPC0ff9d10864db8364
500,The Story of Art,£41.14,Art,Four,In stock (7 available),0,UPC9147c5251cc99eb1
501,The Origin of Species,£10.01,Science,Four,In stock (7 available),0,UPC0345872b14f9e774
502,The Great Gatsby,£36.05,Default,Four,In stock (7 available),0,UPCa8dbf1c6b41b885a
503,The Good Girl,£49.03,Default,Three,In stock (7 available),0,UPCf935412970c9f58f
504,The Glass Castle,£16.24,Add a comment,One,In stock (7 available),0,UPC47f4fd3e8e1dac05
505,The Faith of Christopher Hitchens: The Restless Soul of the World's Most Notorious Atheist,£39.55,Biography,One,In stock (7 available),0,UPC57f85720e54d6442
506,The Drowning Girls,£35.67,Add a comment,Three,In stock (7 available),0,UPC7a10353c9c54cf7c
507,The Constant Princess (The Tudor Court #1),£16.62,Historical Fiction,Three,In stock (7 available),0,UPC24933c712f0bca2f
508,The Bourne Identity (Jason Bourne #1),£42.78,Fiction,Four,In stock (7 available),0,UPCd250657f0ebc5d73
509,The Bachelor Girl's Guide to Murder (Herringford and Watts Mysteries #1),£52.30,Mystery,Five,In stock (7 available),0,UPC20789fb17b423c4c
510,The Art Book,£32.34,Art,Two,In stock (7 available),0,UPC4b8fa561a1e52d1c
511,The 7 Habits of Highly Effective People: Powerful Lessons in Personal Change,£33.17,Default,Four,In stock (7 available),0,UPC5fbd03b1ac0a0e69
512,Team of Rivals: The Political Genius of Abraham Lincoln,£20.12,Add a comment,Five,In stock (7 available),0,UPCba047a636b7d3793
513,Steal Like an Artist: 10 Things Nobody Told You About Being Creative,£20.90,Default,Two,In stock (7 available),0,UPC8776181be110838a
514,"Sit, Stay, Love",£20.90,Romance,Three,In stock (7 available),0,UPCbd087cf6a846db75
515,Sister Dear,£40.20,Fiction,Four,In stock (7 available),0,UPC7ffebdd1d5148aef
516,"Shrunken Treasures: Literary Classics, Short, Sweet, and Silly",£52.87,Childrens,Three,In stock (7 available),0,UPC9639e89d20228e6e
517,"Rich Dad, Poor Dad",£51.74,Business,One,In stock (7 available),0,UPC8486f61aa81a3daa
518,Raymie Nightingale,£34.41,Childrens,Two,In stock (7 available),0,UPC31c56c4d0fe19340
519,Playing from the Heart,£32.38,Childrens,One,In stock (7 available),0,UPC68008abf6409dfde
520,Nightstruck: A Novel,£50.35,Young Adult,Four,In stock (7 available),0,UPC746029796363aa51
521,"Naturally Lean: 125 Nourishing Gluten-Free, Plant-Based Recipes--All Under 300 Calories",£11.38,Food and Drink,Five,In stock (7 available),0,UPC924438fc6cbec836
522,Meternity,£43.58,Womens Fiction,Three,In stock (7 available),0,UPC725cd8d23d78cdca
523,Memoirs of a Geisha,£49.67,Fiction,Three,In stock (7 available),0,UPCdac4b5847454fd9b
524,Like Never Before (Walker Family #2),£28.77,Christian Fiction,Two,In stock (7 available),0,UPCb6670507e85b30e6
525,Life of Pi,£13.22,Default,Four,In stock (7 available),0,UPC40cdcbb7692fd408
526,Leave This Song Behind: Teen Poetry at Its Best,£51.17,Poetry,Five,In stock (7 available),0,UPCb74ee891e2a6dd69
527,King's Folly (The Kinsman Chronicles #1),£39.61,Fantasy,Five,In stock (7 available),0,UPC4c82371b8cd02d4d
528,John Adams,£57.43,Add a comment,Four,In stock (7 available),0,UPC68407606544d6f22
529,How to Cook Everything Vegetarian: Simple Meatless Recipes for Great Food (How to Cook Everything),£46.01,Food and Drink,Four,In stock (7 available),0,UPC2a9fcb3382d351c8
530,How to Be a Domestic Goddess: Baking and the Art of Comfort Cooking,£28.25,Food and Drink,Two,In stock (7 available),0,UPCeff5710404e2ff78
531,Good in Bed (Cannie Shapiro #1),£37.05,Add a comment,Five,In stock (7 available),0,UPCc00bc29a678a6efb
532,"Fruits Basket, Vol. 7 (Fruits Basket #7)",£19.57,Sequential Art,One,In stock (7 available),0,UPCde6d7645f192d517
533,For the Love: Fighting for Grace in a World of Impossible Standards,£45.13,Nonfiction,Three,In stock (7 available),0,UPC2e40333991f56f45
534,Finding God in the Ruins: How God Redeems Pain,£46.64,Nonfiction,Two,In stock (7 available),0,UPC4e78f06160b717ac
535,Every Heart a Doorway (Every Heart A Doorway #1),£12.16,Fantasy,Five,In stock (7 available),0,UPC4fa75fc6829431ca
536,Delivering the Truth (Quaker Midwife Mystery #1),£20.89,Mystery,Four,In stock (7 available),0,UPC4e980425468708da
537,Counted With the Stars (Out from Egypt #1),£17.97,Christian Fiction,Five,In stock (7 available),0,UPC4807043b8218e9ce
538,"Chronicles, Vol. 1",£52.60,Music,Two,In stock (7 available),0,UPC4781b6bfd6f7a2c5
539,Blue Like Jazz: Nonreligious Thoughts on Christian Spirituality,£25.77,Christian,One,In stock (7 available),0,UPCa322361a37a78d3d
540,Benjamin Franklin: An American Life,£48.19,Biography,Three,In stock (7 available),0,UPC5b546a46a86a9d8c
541,"At The Existentialist Café: Freedom, Being, and apricot cocktails with: Jean-Paul Sartre, Simone de Beauvoir, Albert Camus, Martin Heidegger, Edmund Husserl, Karl Jaspers, Maurice Merleau-Ponty and others",£29.93,Philosophy,Five,In stock (7 available),0,UPC6b52904b2ab91bf6
542,A Summer In Europe,£44.34,Travel,Two,In stock (7 available),0,UPCcc1936a9f4e93477
543,A Short History of Nearly Everything,£52.40,History,Five,In stock (7 available),0,UPC6c7fa6844380f50a
544,A Gathering of Shadows (Shades of Magic #2),£44.81,Fantasy,Four,In stock (7 available),0,UPCd1378a0ad06ff979
545,The Sound Of Love,£57.84,Default,Five,In stock (6 available),0,UPC5ba3d703d1ae0c1d
546,The Rise and Fall of the Third Reich: A History of Nazi Germany,£39.67,History,Two,In stock (6 available),0,UPC774fa432bd7d9c47
547,The Perks of Being a Wallflower,£55.02,Default,Three,In stock (6 available),0,UPCfd364afd082f5446
548,The Mysterious Affair at Styles (Hercule Poirot #1),£24.80,Mystery,Four,In stock (6 available),0,UPC2da5edf8b5776c9a
549,The Man Who Mistook His Wife for a Hat and Other Clinical Tales,£59.45,Nonfiction,Four,In stock (6 available),0,UPC60376aa71be66083
550,The Makings of a Fatherless Child,£31.58,Default,Two,In stock (6 available),0,UPC2efa5a839e62b1bd
551,The Joy of Cooking,£43.27,Add a comment,Four,In stock (6 available),0,UPCd326e189b1210916
552,The Invention of Wings,£37.34,Historical Fiction,One,In stock (6 available),0,UPCe6635f5b0a2c78db
553,The Hobbit (Middle-Earth Universe),£17.80,Default,Five,In stock (6 available),0,UPC72b5355dda190b6a
554,The Great Railway Bazaar,£30.54,Travel,One,In stock (6 available),0,UPC48736df57e7bec9f
555,The Golden Compass (His Dark Materials #1),£18.77,Add a comment,One,In stock (6 available),0,UPCd33824cb93ecab6f
556,The God Delusion,£46.85,Add a comment,Three,In stock (6 available),0,UPC2bc80eba94950873
557,The Girl You Left Behind (The Girl You Left Behind #1),£15.79,Historical,One,In stock (6 available),0,UPCeb7459e0c570251d
558,The Fellowship of the Ring (The Lord of the Rings #1),£10.27,Default,Two,In stock (6 available),0,UPCcb17945cb90b7837
559,The Collected Poems of W.B. Yeats (The Collected Works of W.B. Yeats #1),£15.42,Poetry,Five,In stock (6 available),0,UPC3d250ab0f12be445
560,The Barefoot Contessa Cookbook,£59.92,Food and Drink,Five,In stock (6 available),0,UPC6478ccb4416e6a5d
561,Tell the Wolves I'm Home,£50.96,Young Adult,Two,In stock (6 available),0,UPC2a1b3d967cda1da2
562,Ship Leaves Harbor: Essays on Travel by a Recovering Journeyman,£30.60,Default,Three,In stock (6 available),0,UPC8d8e9f9b8730eb25
563,Pride and Prejudice,£19.27,Add a comment,Four,In stock (6 available),0,UPC720c36b2bee4692e
564,Musicophilia: Tales of Music and the Brain,£46.58,Default,One,In stock (6 available),0,UPC6d235933670503d9
565,Mere Christianity,£48.51,Add a comment,Three,In stock (6 available),0,UPCf38f37ed934d84b2
566,Me Before You (Me Before You #1),£19.02,Fiction,One,In stock (6 available),0,UPC7a2b51f69e81c722
567,In the Woods (Dublin Murder Squad #1),£38.38,Mystery,Two,In stock (6 available),0,UPC6958de044cb28a84
568,In Cold Blood,£49.98,Nonfiction,Four,In stock (6 available),0,UPCfe0f34ebed689381
569,How to Stop Worrying and Start Living,£46.49,Self Help,Five,In stock (6 available),0,UPCe792c0969cefe1b8
570,Give It Back,£18.32,Thriller,Two,In stock (6 available),0,UPC012170e4fc87ace0
571,"Girl, Interrupted",£42.14,Nonfiction,Three,In stock (6 available),0,UPC384c7d41d5ffe9d1
572,Fun Home: A Family Tragicomic,£56.59,Add a comment,Four,In stock (6 available),0,UPC56a34d0cec11d6b0
573,"Fruits Basket, Vol. 6 (Fruits Basket #6)",£20.96,Sequential Art,Four,In stock (6 available),0,UPC97258f576d4bb672
574,Deception Point,£40.32,Fiction,Four,In stock (6 available),0,UPC4e3b183180e2a992
575,"Death Note, Vol. 6: Give-and-Take (Death Note #6)",£36.39,Sequential Art,Three,In stock (6 available),0,UPC6e06d0f00f6da20f
576,Catherine the Great: Portrait of a Woman,£58.55,History,Four,In stock (6 available),0,UPCf3c70d296ec796c4
577,Better Homes and Gardens New Cook Book,£39.61,Food and Drink,Three,In stock (6 available),0,UPCfaf841f81c52638b
578,An Unquiet Mind: A Memoir of Moods and Madness,£21.30,Psychology,Three,In stock (6 available),0,UPC46cb43c2ab133ccc
579,A Year in Provence (Provence #1),£56.88,Travel,Four,In stock (6 available),0,UPC9e60929f521fa280
580,World Without End (The Pillars of the Earth #2),£32.97,Historical Fiction,Four,In stock (5 available),0,UPC2e5b4ff08a75fd02
581,"Will Grayson, Will Grayson (Will Grayson, Will Grayson)",£47.31,Young Adult,Four,In stock (5 available),0,UPCe75f3ae1da1cc652
582,Why Save the Bankers?: And Other Essays on Our Economic and Political Crisis,£48.67,Nonfiction,Two,In stock (5 available),0,UPC759ee7d059b1beb8
583,Where She Went (If I Stay #2),£41.73,Young Adult,Four,In stock (5 available),0,UPC60369d96b7b80869
584,What If?: Serious Scientific Answers to Absurd Hypothetical Questions,£53.68,Default,Four,In stock (5 available),0,UPC163d89116179c33f
585,Two Summers,£14.64,Young Adult,One,In stock (5 available),0,UPC3a7d54a264d9f33e
586,This Is Your Brain on Music: The Science of a Human Obsession,£38.40,Music,One,In stock (5 available),0,UPCbc209a900101f28d
587,The Secret Garden,£15.08,Classics,Four,In stock (5 available),0,UPCabbb492978ff656d
588,The Raven King (The Raven Cycle #4),£30.57,Add a comment,Two,In stock (5 available),0,UPC2e4fc5eacceec12c
589,The Raven Boys (The Raven Cycle #1),£57.74,Fantasy,Four,In stock (5 available),0,UPCe0b3a679b83caccc
590,The Power Greens Cookbook: 140 Delicious Superfood Recipes,£11.05,Food and Drink,Five,In stock (5 available),0,UPCf701fae56b645ef7
591,The Metamorphosis,£28.58,Classics,One,In stock (5 available),0,UPC93379e3a2072a01b
592,The Mathews Men: Seven Brothers and the War Against Hitler's U-boats,£42.91,History,Five,In stock (5 available),0,UPC0d210d2448c3018f
593,The Little Paris Bookshop,£24.73,Fiction,Three,In stock (5 available),0,UPCdfd9ff1f343cdaff
594,The Hiding Place,£55.91,History,Four,In stock (5 available),0,UPCc4589ee5977a47be
595,The Grand Design,£13.76,Science,Three,In stock (5 available),0,UPC3213b1f13f5f0f7c
596,The Firm,£45.56,Fiction,Three,In stock (5 available),0,UPCad84f18659e6bfe2
597,The Fault in Our Stars,£47.22,Default,One,In stock (5 available),0,UPC3661360c99719414
598,The False Prince (The Ascendance Trilogy #1),£56.00,Fantasy,Five,In stock (5 available),0,UPCa2a9f76339d21ab1
599,The Expatriates,£44.58,Fiction,Two,In stock (5 available),0,UPCfe7210553d56c097
600,The Dream Thieves (The Raven Cycle #2),£34.50,Default,One,In stock (5 available),0,UPCfec06f52054ea900
601,The Darkest Corners,£11.33,Young Adult,Five,In stock (5 available),0,UPCc4182bdb53e2459a
602,The Crossover,£38.77,Poetry,Four,In stock (5 available),0,UPCb228042c088b1913
603,The 5th Wave (The 5th Wave #1),£11.83,Default,Two,In stock (5 available),0,UPCb716233fcb6877e6
604,Tell the Wind and Fire,£45.51,Fantasy,Three,In stock (5 available),0,UPC84126312e2431a09
605,Tell Me Three Things,£41.81,Young Adult,One,In stock (5 available),0,UPC50d5a7b861ed1c54
606,Talking to Girls About Duran Duran: One Young Man's Quest for True Love and a Cooler Haircut,£25.15,Nonfiction,Four,In stock (5 available),0,UPC1dba84766a5e87b8
607,Siddhartha,£34.22,Fiction,Five,In stock (5 available),0,UPC84bb29c53592ac40
608,Shiver (The Wolves of Mercy Falls #1),£16.23,Default,Five,In stock (5 available),0,UPC59a8ae019b64f2a7
609,Remember Me?,£11.48,Default,Three,In stock (5 available),0,UPC2973d38c2fbd7a5c
610,Red Dragon (Hannibal Lecter #1),£23.37,Horror,Three,In stock (5 available),0,UPCe958ae92f328c181
611,Peak: Secrets from the New Science of Expertise,£16.28,Science,Two,In stock (5 available),0,UPC6036239d2ab349b7
612,My Mother Was Nuts,£31.63,Nonfiction,Four,In stock (5 available),0,UPCa4ce39a3720cd679
613,Mexican Today: New and Rediscovered Recipes for Contemporary Kitchens,£24.91,Food and Drink,Five,In stock (5 available),0,UPC12a90b90283b2e6d
614,Maybe Something Beautiful: How Art Transformed a Neighborhood,£22.54,Childrens,One,In stock (5 available),0,UPC81c68492ccd72941
615,Lola and the Boy Next Door (Anna and the French Kiss #2),£23.63,Young Adult,Four,In stock (5 available),0,UPC5e1a88d248599768
616,Logan Kade (Fallen Crest High #5.5),£13.12,Academic,Two,In stock (5 available),0,UPC7093cf549cd2e7de
617,Last One Home (New Beginnings #1),£59.98,Fiction,Three,In stock (5 available),0,UPC07e6810fd3236bda
618,Killing Floor (Jack Reacher #1),£31.49,Thriller,Four,In stock (5 available),0,UPC8dde2ff3f6fcc0a3
619,Kill the Boy Band,£15.52,Young Adult,Five,In stock (5 available),0,UPC44f545727e704187
620,Isla and the Happily Ever After (Anna and the French Kiss #3),£48.13,Young Adult,Five,In stock (5 available),0,UPC45045146dbf7b009
621,If I Stay (If I Stay #1),£38.13,Default,Five,In stock (5 available),0,UPC7284d85428305f5a
622,I Know Why the Caged Bird Sings (Maya Angelou's Autobiography #1),£36.55,Default,Two,In stock (5 available),0,UPCd219d4e325e6f204
623,Harry Potter and the Deathly Hallows (Harry Potter #7),£23.32,Default,One,In stock (5 available),0,UPC6c49258724f11770
624,"Fruits Basket, Vol. 5 (Fruits Basket #5)",£16.33,Sequential Art,One,In stock (5 available),0,UPC3fd83dcf37bf1bc0
625,Foundation (Foundation (Publication Order) #1),£32.42,Science Fiction,One,In stock (5 available),0,UPC3fc124f59f3068e4
626,Fool Me Once,£16.96,Default,One,In stock (5 available),0,UPC630e766f0a1987dd
627,Find Her (Detective D.D. Warren #8),£22.37,Add a comment,One,In stock (5 available),0,UPCb28c7d07afa7063b
628,Evicted: Poverty and Profit in the American City,£42.27,Add a comment,One,In stock (5 available),0,UPC75cc85cdbe9ad46b
629,Drama,£38.70,Default,Two,In stock (5 available),0,UPCd5ad4c92d8bf26c9
630,Dracula the Un-Dead,£35.63,Horror,Five,In stock (5 available),0,UPCe46b1074b99ac4b6
631,Digital Fortress,£58.00,Fiction,Five,In stock (5 available),0,UPC94bb629a3f6dd00b
632,"Death Note, Vol. 5: Whiteout (Death Note #5)",£52.41,Sequential Art,One,In stock (5 available),0,UPC1c0a38899c82b60a
633,"Data, A Love Story: How I Gamed Online Dating to Meet My Match",£32.35,Nonfiction,Three,In stock (5 available),0,UPCbcf567421c581f0a
634,Critique of Pure Reason,£20.75,Philosophy,One,In stock (5 available),0,UPC429b4a811bef386c
635,Booked,£17.49,Poetry,Five,In stock (5 available),0,UPCb54d7416bb445989
636,"Blue Lily, Lily Blue (The Raven Cycle #3)",£34.13,Default,Five,In stock (5 available),0,UPCad5e078beceaeb4a
637,Approval Junkie: Adventures in Caring Too Much,£58.81,Autobiography,Five,In stock (5 available),0,UPC612369a5947a012e
638,An Abundance of Katherines,£10.00,Young Adult,Five,In stock (5 available),0,UPCf36d24c309e87e5b
639,America's War for the Greater Middle East: A Military History,£51.22,History,Two,In stock (5 available),0,UPCadd33db6ff80db24
640,Alight (The Generations Trilogy #2),£58.59,Default,Four,In stock (5 available),0,UPCd9290e99f189ce84
641,A Girl's Guide to Moving On (New Beginnings #2),£31.30,Romance,One,In stock (5 available),0,UPCcf3b86489890b9f2
642,A Game of Thrones (A Song of Ice and Fire #1),£46.42,Add a comment,Two,In stock (5 available),0,UPC03cbb67c0f990d87
643,A Feast for Crows (A Song of Ice and Fire #4),£17.21,Fantasy,Four,In stock (5 available),0,UPCf2c8f4b4c94d5c5c
644,A Clash of Kings (A Song of Ice and Fire #2),£10.79,Add a comment,Three,In stock (5 available),0,UPC89a89e76f3516357
645,Vogue Colors A to Z: A Fashion Coloring Book,£52.35,Default,Four,In stock (4 available),0,UPCa8f4577a48023344
646,The Shining (The Shining #1),£27.88,Default,Three,In stock (4 available),0,UPCd4de23aa98acc65b
647,The Pilgrim's Progress,£50.26,Classics,Two,In stock (4 available),0,UPC6053ddf69c967d5f
648,The Perfect Play (Play by Play #1),£59.99,Romance,Three,In stock (4 available),0,UPC9cc207168a03470d
649,The Passion of Dolssa,£28.32,Historical Fiction,Five,In stock (4 available),0,UPC011674f4a3834b8d
650,The Jazz of Physics: The Secret Link Between Music and the Structure of the Universe,£38.71,Nonfiction,Three,In stock (4 available),0,UPC6a57286a8890d8c5
651,The Hunger Games (The Hunger Games #1),£29.85,Default,Five,In stock (4 available),0,UPC6d2f70d9424f41a1
652,The Hound of the Baskervilles (Sherlock Holmes #5),£14.82,Classics,Two,In stock (4 available),0,UPC6587f46697fc4443
653,The Gunning of America: Business and the Making of American Gun Culture,£16.81,Nonfiction,Four,In stock (4 available),0,UPC45033bdf3d9ed158
654,The Geography of Bliss: One Grump's Search for the Happiest Places in the World,£28.23,Nonfiction,Two,In stock (4 available),0,UPCc65ee14957c0fa5c
655,The Demonists (Demonist #1),£52.11,Fantasy,Two,In stock (4 available),0,UPCff2dffba388d9922
656,"The Demon Prince of Momochi House, Vol. 4 (The Demon Prince of Momochi House #4)",£27.88,Sequential Art,Two,In stock (4 available),0,UPCdf53c2948b32bde3
657,The Bone Hunters (Lexy Vaughan & Steven Macaulay #2),£59.71,Thriller,Three,In stock (4 available),0,UPC9c4d061c1e2fe6bf
658,The Beast (Black Dagger Brotherhood #14),£46.08,Fantasy,Five,In stock (4 available),0,UPC8930013d06942df1
659,Some Women,£13.73,Womens Fiction,Five,In stock (4 available),0,UPC31f5bbf4974d29c9
660,Shopaholic Ties the Knot (Shopaholic #3),£48.39,Womens Fiction,Five,In stock (4 available),0,UPC38199c5d7da0c0ef
661,Paper and Fire (The Great Library #2),£49.45,Fantasy,Five,In stock (4 available),0,UPCae884ac655d6ee3e
662,Outlander (Outlander #1),£19.67,Default,Five,In stock (4 available),0,UPC5de4baa88061a77a
663,"Orchestra of Exiles: The Story of Bronislaw Huberman, the Israel Philharmonic, and the One Thousand Jews He Saved from Nazi Horrors",£12.36,Music,Three,In stock (4 available),0,UPC2ba5ccc84d35006c
664,No One Here Gets Out Alive,£20.02,Music,Five,In stock (4 available),0,UPC3a95f5a2df4ff921
665,Night Shift (Night Shift #1-20),£12.75,Horror,Four,In stock (4 available),0,UPC869d20b3b8128230
666,Needful Things,£47.51,Horror,Four,In stock (4 available),0,UPC70b585c9d0f15725
667,Mockingjay (The Hunger Games #3),£20.44,Default,Four,In stock (4 available),0,UPC5212c6acea3359e5
668,Misery,£34.79,Horror,Two,In stock (4 available),0,UPC81d4191030b9704b
669,Little Women (Little Women #1),£28.07,Classics,Four,In stock (4 available),0,UPCdeda806b68b0aa11
670,It,£25.01,Horror,Three,In stock (4 available),0,UPC670a2773607d785d
671,Harry Potter and the Sorcerer's Stone (Harry Potter #1),£13.90,Default,Three,In stock (4 available),0,UPCac337893a9fe0085
672,Harry Potter and the Prisoner of Azkaban (Harry Potter #3),£24.17,Young Adult,Four,In stock (4 available),0,UPCeff24325e0ede639
673,Harry Potter and the Order of the Phoenix (Harry Potter #5),£31.63,Fantasy,Four,In stock (4 available),0,UPC5a6b7155f2797537
674,Harry Potter and the Half-Blood Prince (Harry Potter #6),£48.75,Fantasy,Five,In stock (4 available),0,UPC73f4f87dd936ee5c
675,Harry Potter and the Chamber of Secrets (Harry Potter #2),£14.74,Fantasy,One,In stock (4 available),0,UPCc7c4f55b7321cba7
676,Gone with the Wind,£32.49,Classics,Three,In stock (4 available),0,UPC23310ce84d3c9f85
677,God Is Not Great: How Religion Poisons Everything,£27.80,Nonfiction,One,In stock (4 available),0,UPCddbc5530d2939d49
678,Girl With a Pearl Earring,£26.77,Historical Fiction,One,In stock (4 available),0,UPC5eff05e59f905a49
679,"Fruits Basket, Vol. 4 (Fruits Basket #4)",£50.44,Sequential Art,Four,In stock (4 available),0,UPC8fff1084aa085a13
680,Far From True (Promise Falls Trilogy #2),£34.93,Thriller,Two,In stock (4 available),0,UPCad15a9a139919918
681,Dark Lover (Black Dagger Brotherhood #1),£12.87,Romance,One,In stock (4 available),0,UPC2b69d289279aabfd
682,Confessions of a Shopaholic (Shopaholic #1),£48.94,Default,Two,In stock (4 available),0,UPCa2dc754afb69bb32
683,Changing the Game (Play by Play #2),£13.38,Romance,Three,In stock (4 available),0,UPCaaebac5fda798b1b
684,Candide,£58.63,Classics,Three,In stock (4 available),0,UPC2798974abc8a58a8
685,Can You Keep a Secret?,£21.94,Womens Fiction,One,In stock (4 available),0,UPC0812f54c93d726ce
686,Atlas Shrugged,£26.58,Fiction,Five,In stock (4 available),0,UPC78a4ac98191ac675
687,Animal Farm,£57.22,Classics,Three,In stock (4 available),0,UPC1451b55e5e56bb89
688,A Walk to Remember,£56.43,Romance,One,In stock (4 available),0,UPCaead11697d14ea36
689,A New Earth: Awakening to Your Life's Purpose,£55.65,Spirituality,Five,In stock (4 available),0,UPCf6ae39568db1130e
690,"A History of God: The 4,000-Year Quest of Judaism, Christianity, and Islam",£27.62,Religion,One,In stock (4 available),0,UPCd12ca4020c2f602e
691,'Salem's Lot,£49.56,Horror,Four,In stock (4 available),0,UPC6e9403f00acd6752
692,Zero History (Blue Ant #3),£34.77,Default,One,In stock (3 available),0,UPC634b7165c96ebb9f
693,Wuthering Heights,£17.73,Classics,Three,In stock (3 available),0,UPC5a7ff9aaa3168878
694,World War Z: An Oral History of the Zombie War,£21.80,Default,One,In stock (3 available),0,UPC5d55202da0252627
695,Wild: From Lost to Found on the Pacific Crest Trail,£46.02,Default,Three,In stock (3 available),0,UPCd30b9215c72cca87
696,"Where'd You Go, Bernadette",£18.13,Default,One,In stock (3 available),0,UPC07bb35158d9dd3d2
697,When You Are Engulfed in Flames,£30.89,Humor,Five,In stock (3 available),0,UPCdab0196cd5fc8e5e
698,We the People: The Modern-Day Figures Who Have Reshaped and Affirmed the Founding Fathers' Vision of America,£31.95,Nonfiction,Three,In stock (3 available),0,UPC06bab964fd536971
699,We Are All Completely Beside Ourselves,£24.04,Contemporary,One,In stock (3 available),0,UPCbe3db344a845580b
700,Walk the Edge (Thunder Road #2),£32.36,Young Adult,Three,In stock (3 available),0,UPC0e4e2d31c2fb3aad
701,Voyager (Outlander #3),£21.07,Historical Fiction,Five,In stock (3 available),0,UPC7feac4000cbc5859
702,Very Good Lives: The Fringe Benefits of Failure and the Importance of Imagination,£50.66,Nonfiction,Three,In stock (3 available),0,UPC52aa3d79b1cee455
703,Vegan Vegetarian Omnivore: Dinner for Everyone at the Table,£13.66,Food and Drink,Two,In stock (3 available),0,UPC4672d10b9b1e7a05
704,"Unstuffed: Decluttering Your Home, Mind, and Soul",£58.09,Nonfiction,One,In stock (3 available),0,UPCb830685072fa871f
705,Under the Banner of Heaven: A Story of Violent Faith,£30.00,Nonfiction,One,In stock (3 available),0,UPC599a4f98bb193368
706,Two Boys Kissing,£32.74,Young Adult,Two,In stock (3 available),0,UPC61bc8167c9680283
707,Twilight (Twilight #1),£41.93,Default,Two,In stock (3 available),0,UPCb53078de0147f6bf
708,Twenties Girl,£42.80,Womens Fiction,Two,In stock (3 available),0,UPC8ebad30219b8679c
709,"Trespassing Across America: One Man's Epic, Never-Done-Before (and Sort of Illegal) Hike Across the Heartland",£53.51,Nonfiction,One,In stock (3 available),0,UPC2173a2ce35f6ace1
710,Three-Martini Lunch,£23.21,Fiction,Three,In stock (3 available),0,UPC57f755143ee96fd4
711,"Thinking, Fast and Slow",£21.14,Psychology,One,In stock (3 available),0,UPC719d72f3ee512dc6
712,The Wild Robot,£56.07,Childrens,Three,In stock (3 available),0,UPC75fed6a47f69859d
713,"The Wicked + The Divine, Vol. 3: Commercial Suicide (The Wicked + The Divine)",£14.41,Sequential Art,Three,In stock (3 available),0,UPCa33ed2e6068df53e
714,The Undomestic Goddess,£45.75,Womens Fiction,Four,In stock (3 available),0,UPC813cff2aefa5d1f0
715,The Travelers,£15.77,Thriller,One,In stock (3 available),0,UPC2b685187f55c5d31
716,The Tipping Point: How Little Things Can Make a Big Difference,£10.02,Add a comment,Two,In stock (3 available),0,UPC224fa77d4b248046
717,The Thing About Jellyfish,£48.77,Childrens,One,In stock (3 available),0,UPC3d15714d4d3d15dd
718,The Stand,£57.86,Horror,Two,In stock (3 available),0,UPC49f24193f0b961e6
719,The Smitten Kitchen Cookbook,£23.59,Food and Drink,One,In stock (3 available),0,UPC742702d662a71410
720,The Silkworm (Cormoran Strike #2),£23.05,Mystery,Five,In stock (3 available),0,UPCf06039c29b5891fa
721,"The Sandman, Vol. 3: Dream Country (The Sandman (volumes) #3)",£55.55,Sequential Art,Five,In stock (3 available),0,UPC91eb9605998a7c03
722,The Rose & the Dagger (The Wrath and the Dawn #2),£58.64,Fantasy,Four,In stock (3 available),0,UPC322a9e34d87f54b1
723,The Road to Little Dribbling: Adventures of an American in Britain (Notes From a Small Island #2),£23.21,Travel,One,In stock (3 available),0,UPC366a236aa1ea6f07
724,The Rise of Theodore Roosevelt (Theodore Roosevelt #1),£42.57,Biography,Three,In stock (3 available),0,UPC1a5044d233936b1a
725,The Restaurant at the End of the Universe (Hitchhiker's Guide to the Galaxy #2),£10.92,Science Fiction,One,In stock (3 available),0,UPC0e92ccf1bd39e68f
726,The Rest Is Noise: Listening to the Twentieth Century,£34.77,Add a comment,One,In stock (3 available),0,UPCe2d47e82c50d41d9
727,The Red Tent,£35.66,Historical Fiction,Five,In stock (3 available),0,UPC3c456328b04a8ee8
728,The Purpose Driven Life: What on Earth Am I Here for?,£37.19,Add a comment,Three,In stock (3 available),0,UPC0e7beedf0ee9380c
729,The Purest Hook (Second Circle Tattoos #3),£12.25,Romance,One,In stock (3 available),0,UPC969f6c7e86554814
730,The Picture of Dorian Gray,£29.70,Classics,Two,In stock (3 available),0,UPCb9f6305a3d650e2c
731,The Paris Wife,£36.80,Default,Three,In stock (3 available),0,UPCfa26798728f5208f
732,The Obsession,£45.43,Romance,One,In stock (3 available),0,UPCee441c8e027caa66
733,The Nightingale,£26.26,Fiction,Four,In stock (3 available),0,UPC29d6d87f3418638b
734,The New Guy (and Other Senior Year Distractions),£44.92,Young Adult,Three,In stock (3 available),0,UPC3e42ac0f4d43320f
735,The Nanny Diaries (Nanny #1),£52.53,Womens Fiction,Five,In stock (3 available),0,UPC6263c1d2997b8ce0
736,The Name of God is Mercy,£37.25,Nonfiction,Two,In stock (3 available),0,UPC0baf71623648413a
737,The Maze Runner (The Maze Runner #1),£20.93,Default,One,In stock (3 available),0,UPC4266f48a0aa1c37d
738,The Lover's Dictionary,£58.09,Default,Two,In stock (3 available),0,UPC36c15687f5ab0f7c
739,The Lonely Ones,£43.59,Childrens,Five,In stock (3 available),0,UPCcf2f27fdf94ba20e
740,The Lean Startup: How Today's Entrepreneurs Use Continuous Innovation to Create Radically Successful Businesses,£33.92,Business,Three,In stock (3 available),0,UPC70c7c3ca7f9b2728
741,The Last Painting of Sara de Vos,£55.55,Historical Fiction,Two,In stock (3 available),0,UPC476c7972e9b41891
742,"The Land of 10,000 Madonnas",£29.64,Young Adult,Four,In stock (3 available),0,UPC35e69a79d2b1e804
743,The Infinities,£27.41,Fiction,One,In stock (3 available),0,UPC554e9e2d532b3a87
744,The Husband's Secret,£52.51,Fiction,Five,In stock (3 available),0,UPCff6bb30dd0c482a6
745,The Hitchhiker's Guide to the Galaxy (Hitchhiker's Guide to the Galaxy #1),£47.80,Add a comment,Three,In stock (3 available),0,UPCa8b0ea6490bc818f
746,The Guns of August,£14.54,History,Two,In stock (3 available),0,UPCb5da59dd177eb36b
747,The Guernsey Literary and Potato Peel Pie Society,£49.53,Historical Fiction,One,In stock (3 available),0,UPC4a0a276409968a73
748,The Goldfinch,£43.58,Default,Three,In stock (3 available),0,UPCc88422d8959260ab
749,The Giver (The Giver Quartet #1),£12.30,Default,One,In stock (3 available),0,UPCe2dac1f4739e0bd5
750,The Girl with All the Gifts,£49.47,Horror,Three,In stock (3 available),0,UPC92dcc54a27107a37
751,The Girl Who Played with Fire (Millennium Trilogy #2),£22.14,Default,Two,In stock (3 available),0,UPCbfa9cb304075d3e8
752,The Girl Who Kicked the Hornet's Nest (Millennium Trilogy #3),£57.48,Add a comment,One,In stock (3 available),0,UPC8f5d16a5a9bd58b2
753,The Exiled,£43.45,Mystery,Three,In stock (3 available),0,UPCdd003e904727281a
754,"The End of Faith: Religion, Terror, and the Future of Reason",£22.13,Add a comment,Four,In stock (3 available),0,UPCb3f2bc2cefb35f05
755,"The Elegant Universe: Superstrings, Hidden Dimensions, and the Quest for the Ultimate Theory",£13.03,Science,Four,In stock (3 available),0,UPCc6bf14cb901c63ac
756,"The Disappearing Spoon: And Other True Tales of Madness, Love, and the History of the World from the Periodic Table of the Elements",£57.35,Science,Five,In stock (3 available),0,UPC63c0826ef59eae66
757,The Devil Wears Prada (The Devil Wears Prada #1),£44.29,Womens Fiction,One,In stock (3 available),0,UPCa6ab0cb7106a67f2
758,The Demon-Haunted World: Science as a Candle in the Dark,£52.25,Default,Four,In stock (3 available),0,UPCf51062bf579507d9
759,The Day the Crayons Came Home (Crayons),£26.33,Childrens,Five,In stock (3 available),0,UPCb22362b434e8ee62
760,The Da Vinci Code (Robert Langdon #2),£22.96,Fiction,Two,In stock (3 available),0,UPCdabf11918b48b40c
761,The Cuckoo's Calling (Cormoran Strike #1),£19.21,Mystery,One,In stock (3 available),0,UPC1be6d3b121865edb
762,The Complete Stories and Poems (The Works of Edgar Allan Poe [Cameo Edition]),£26.78,Classics,Four,In stock (3 available),0,UPCcad70d6ffd53912f
763,The Complete Poems,£41.32,Add a comment,Five,In stock (3 available),0,UPC23707d3ddf14a999
764,The Catcher in the Rye,£24.55,Add a comment,One,In stock (3 available),0,UPC487449f4f6322f0f
765,The Cat in the Hat (Beginner Books B-1),£16.26,Childrens,Two,In stock (3 available),0,UPCb7f475238ed50429
766,The Case for Christ (Cases for Christianity),£47.84,Add a comment,One,In stock (3 available),0,UPC970bd3316219e7dc
767,The Book Thief,£53.49,Default,Two,In stock (3 available),0,UPCa75e274c8814b539
768,The Book of Basketball: The NBA According to The Sports Guy,£44.84,Sports and Games,Five,In stock (3 available),0,UPC08decd9664e5d56e
769,The Blind Side: Evolution of a Game,£53.71,Add a comment,Five,In stock (3 available),0,UPCcd3dcd83bb002e78
770,The Autobiography of Malcolm X,£23.43,Default,Two,In stock (3 available),0,UPCb04a6a0db525857d
771,"The Art of Simple Food: Notes, Lessons, and Recipes from a Delicious Revolution",£34.32,Food and Drink,Three,In stock (3 available),0,UPC311634df10651e05
772,The Art of Fielding,£22.10,Fiction,One,In stock (3 available),0,UPC2858ac90c4758e1f
773,"Surely You're Joking, Mr. Feynman!: Adventures of a Curious Character",£25.83,Science,Two,In stock (3 available),0,UPC61002f3b7ba5d780
774,Stiff: The Curious Lives of Human Cadavers,£36.74,Nonfiction,Three,In stock (3 available),0,UPCa11ae5f07572ef49
775,Spilled Milk: Based on a True Story,£49.51,Nonfiction,One,In stock (3 available),0,UPCf08667e4c0458f37
776,Something Borrowed (Darcy & Rachel #1),£48.96,Womens Fiction,Five,In stock (3 available),0,UPCac27ab4bcd9c492e
777,Something Blue (Darcy & Rachel #2),£54.62,Womens Fiction,One,In stock (3 available),0,UPC3fc9d51d1c4d6ba7
778,Soldier (Talon #3),£24.72,Fantasy,Two,In stock (3 available),0,UPCfeaaae90514eb2ac
779,Shopaholic & Baby (Shopaholic #5),£46.45,Default,Two,In stock (3 available),0,UPCc57d3c96af23c297
